"GAUGE ID","NSE","DOR"
"01011000",0.89,0.06
"01013500",0.9,0.0
"01015800",0.89,0.02
"01017000",0.9,0.04
"01019000",0.41,0.97
"01022500",0.84,0.02
"01030500",0.88,0.01
"01031500",0.84,0.01
"01034000",0.87,0.04
"01034500",0.83,0.17
"01038000",0.88,0.11
"01042500",0.59,0.74
"01046500",0.67,0.57
"01047000",0.81,0.01
"01048000",0.86,0.02
"01049000",0.89,0.06
"01049500",0.82,0.07
"01052500",0.8,0.0
"01053500",0.64,0.46
"01054000",0.73,0.35
"01054200",0.66,0.0
"01054500",0.81,0.24
"01055000",0.76,0.0
"01057000",0.87,0.08
"01059000",0.87,0.23
"01064500",0.84,0.0
"01066000",0.8,0.04
"01073000",0.81,0.0
"01073500",0.86,0.08
"01076500",0.83,0.01
"01078000",0.86,0.01
"01081000",0.76,0.46
"01089100",0.87,0.01
"01092000",0.92,0.11
"01094400",0.79,0.15
"01094500",0.73,0.17
"01096000",0.85,0.05
"01096500",0.77,0.53
"010965852",0.89,0.01
"01097000",0.91,0.07
"01097300",0.89,0.0
"01098530",0.83,0.3
"01099500",0.93,0.11
"01100000",0.92,0.13
"01100600",0.82,0.0
"01101000",0.9,0.03
"01101500",0.89,0.06
"01102000",0.85,0.12
"01102500",0.76,0.05
"01103500",0.91,0.03
"01104200",0.65,0.03
"01104500",0.65,0.11
"01105000",0.91,0.07
"01105500",0.84,0.07
"01105600",0.83,0.0
"01105730",0.84,0.02
"01105870",0.81,0.09
"01109000",0.82,0.04
"01109060",0.88,0.06
"01109403",0.9,0.16
"01110000",0.82,0.02
"01111500",0.82,0.16
"01112500",0.89,0.1
"01114000",0.81,0.07
"01114500",0.82,0.16
"01116000",0.73,0.08
"01116500",0.77,0.49
"01117000",0.86,0.0
"01117350",0.81,0.01
"01117420",0.86,0.01
"01117468",0.77,0.01
"01117500",0.94,0.01
"01117800",0.81,0.01
"01118000",0.86,0.04
"01118300",0.83,0.0
"01118500",0.92,0.02
"01119500",0.8,0.08
"01121000",0.76,0.04
"01122500",0.9,0.06
"01123000",0.78,0.01
"01124000",0.84,0.1
"01127000",0.89,0.07
"01127500",0.78,0.1
"01129200",0.5,0.61
"01134500",0.81,0.0
"01135500",0.9,0.0
"01137500",0.77,0.0
"01139000",0.86,0.04
"01139800",0.54,0.0
"01142500",0.79,0.0
"01144000",0.87,0.0
"01150900",0.7,0.02
"01151500",0.72,0.02
"01152500",0.79,0.08
"01153550",0.77,0.0
"01154500",0.87,0.09
"01161000",0.82,0.04
"01162000",0.78,0.17
"01162500",0.79,0.02
"01163200",0.84,0.06
"01166500",0.8,0.07
"01168500",0.72,0.25
"01169000",0.74,0.0
"01169900",0.62,0.01
"01170000",0.79,0.17
"01170100",0.73,0.0
"01170500",0.91,0.09
"01171500",0.79,0.06
"01172500",0.41,0.21
"01173000",0.69,0.13
"01173500",0.78,0.07
"01174500",0.83,0.01
"01175500",0.29,6.76
"01175670",0.8,0.02
"01176000",0.83,0.07
"01177000",0.82,1.92
"01181000",0.77,0.04
"01183500",0.8,0.14
"01184000",0.92,0.19
"01184100",0.61,0.01
"01184490",0.6,0.01
"01185500",0.83,0.21
"01186000",0.37,0.45
"01187300",0.79,0.01
"01188000",0.6,0.0
"01188090",0.81,0.44
"01189995",0.9,0.29
"01192500",0.79,0.1
"01192883",0.57,0.04
"01193500",0.72,0.01
"01195100",0.75,0.0
"01195490",0.76,0.02
"01196500",0.74,0.05
"01196620",0.68,0.01
"01197000",0.81,0.12
"01197500",0.86,0.11
"01199000",0.87,0.06
"01199050",0.76,0.18
"01200500",0.9,0.05
"01204000",0.76,0.02
"01205500",0.83,0.29
"01206900",0.61,0.21
"01208500",0.8,0.15
"01208873",0.79,0.09
"01208925",0.73,0.97
"01208950",0.81,0.0
"01208990",0.76,0.02
"01209700",0.78,0.04
"01303500",0.35,0.0
"01304000",0.62,0.02
"01304500",0.59,0.01
"01305000",-0.22,0.0
"01305500",-0.02,0.0
"01306440",0.22,0.0
"01306460",0.63,0.0
"01306500",0.57,0.0
"01308000",0.1,0.0
"01308500",0.61,0.0
"01311500",0.51,0.0
"01315000",0.49,0.94
"01315500",0.87,0.17
"01318500",0.9,0.12
"01321000",0.85,0.01
"01325000",0.34,0.45
"01327750",0.81,0.26
"01331095",0.82,0.21
"01331500",0.76,0.0
"01332500",0.81,0.0
"01333000",0.68,0.0
"01334000",0.77,0.0
"01334500",0.82,0.0
"01335754",0.84,0.19
"01336000",0.44,0.22
"01346000",0.67,0.09
"01347000",0.77,0.07
"01350000",0.77,0.01
"01350080",0.68,0.0
"01350120",0.67,0.0
"01350140",0.65,0.02
"01350355",0.77,0.23
"01351500",0.81,0.12
"01357500",0.83,0.09
"01362200",0.81,0.0
"01362500",0.71,0.0
"01364500",0.79,1.15
"01365000",0.71,0.0
"01367500",0.83,0.36
"01371500",0.87,0.04
"01372500",0.82,0.0
"01375000",0.8,1.06
"01376800",0.55,0.56
"01377000",0.48,0.52
"01377500",0.63,0.11
"01378500",0.35,0.37
"01379000",0.87,0.01
"01379500",0.72,0.0
"01379773",0.87,0.59
"01379780",0.79,0.57
"01381000",0.81,0.43
"01381500",0.79,0.01
"01381900",0.84,0.28
"01383500",0.72,0.48
"01384500",0.78,0.16
"01387400",0.81,0.22
"01387420",0.82,0.21
"01387500",0.83,0.16
"01388000",0.84,0.21
"01388500",0.8,1.41
"01389500",0.91,0.79
"01390500",0.7,0.0
"01391500",0.8,0.0
"01393450",0.71,0.03
"01394500",0.81,0.01
"01395000",0.76,0.01
"01396500",0.83,0.0
"01396660",0.47,0.0
"01396800",0.24,0.69
"01397000",0.78,0.2
"01398000",0.7,0.0
"01398500",0.7,0.06
"01399500",0.67,0.0
"01399670",0.22,12.08
"01400000",0.78,0.01
"01400500",0.8,0.36
"01401000",0.77,0.01
"01401650",0.64,0.0
"01402000",0.85,0.01
"01403060",0.89,0.23
"01403150",0.56,0.0
"01403400",0.63,0.02
"01403540",0.54,0.02
"01405400",0.75,0.01
"01407500",0.74,0.17
"01407705",0.54,0.33
"01407760",0.4,0.01
"01408000",0.73,0.26
"01408120",0.79,0.0
"01408500",0.81,0.01
"01409400",0.82,0.0
"01410000",0.55,0.02
"01410150",0.51,0.0
"01411000",0.71,0.01
"01411300",0.79,0.0
"01411456",0.76,0.0
"01411500",0.75,0.02
"01413500",0.82,0.0
"01414500",0.74,0.0
"01415000",0.76,0.01
"01417000",0.48,1.09
"01417500",0.74,0.88
"01420500",0.74,0.01
"01421000",0.83,0.52
"01423000",0.87,0.0
"01425000",0.63,0.64
"01426500",0.79,0.49
"01427510",0.87,0.39
"01428500",0.87,0.35
"01428750",0.69,0.06
"01429000",0.84,0.12
"01429500",0.76,0.02
"01430000",0.86,0.08
"01431500",0.86,0.05
"01434000",0.89,0.29
"01434025",0.62,0.0
"01435000",0.75,0.0
"01436000",0.09,0.88
"01437500",0.81,0.3
"01438500",0.88,0.28
"01439500",0.86,0.02
"01440000",0.82,0.01
"01440400",0.85,0.02
"01442500",0.83,0.02
"01443500",0.85,0.07
"01443900",0.62,2.98
"01445500",0.89,0.03
"01446500",0.88,0.22
"01447500",0.78,0.04
"01447680",0.64,0.0
"01447720",0.73,0.06
"01447800",0.42,0.05
"01449000",0.8,0.04
"01449360",0.77,0.0
"01449800",0.5,0.5
"01450500",0.83,0.0
"01451000",0.86,0.08
"01451500",0.67,0.0
"01451650",0.75,0.0
"01451800",0.83,0.0
"01452000",0.82,0.0
"01452500",0.65,0.0
"01453000",0.84,0.06
"01457000",0.8,0.3
"01459500",0.83,0.32
"01463500",0.89,0.17
"01464000",0.84,0.05
"01464500",0.7,0.01
"01464645",0.45,0.33
"01465500",0.8,0.04
"01466500",0.53,0.0
"01467000",0.79,0.03
"01467048",0.72,0.0
"01467081",0.7,0.0
"01467087",0.62,0.0
"01467150",0.72,0.01
"01468500",0.89,0.05
"01469500",0.86,0.26
"01470500",0.87,0.08
"01470779",0.81,0.0
"01470960",0.31,0.22
"01471000",0.4,0.18
"01471510",0.92,0.09
"01472000",0.89,0.07
"01472157",0.7,0.01
"01472198",0.67,0.0
"01472199",0.64,0.0
"01472620",-0.2,0.0
"01473000",0.76,0.04
"01473169",0.68,0.0
"01474000",0.7,0.0
"01474500",0.84,0.05
"01475850",0.64,0.0
"01477000",0.86,0.01
"01477120",0.63,0.01
"01477800",0.79,0.0
"01478000",0.76,0.0
"01479000",0.7,0.0
"01479820",0.46,0.0
"01480000",0.61,0.0
"01480015",0.56,0.0
"01480300",0.57,0.0
"01480500",0.79,0.04
"01480617",0.79,0.04
"01480675",0.81,0.0
"01480685",0.35,0.28
"01480700",0.74,0.11
"01480870",0.75,0.07
"01481000",0.88,0.03
"01481500",0.88,0.03
"01483200",0.64,0.0
"01483700",0.81,0.05
"01484100",0.65,0.0
"01485500",0.81,0.0
"01486000",0.62,0.0
"01487000",0.68,0.0
"01491000",0.7,0.01
"01495000",0.76,0.0
"01500000",-0.01,0.03
"01503000",0.91,0.14
"01509000",0.85,0.0
"01510000",0.83,0.0
"01512500",0.91,0.02
"01516350",0.75,0.0
"01516500",0.56,0.0
"01518000",0.58,0.04
"01518700",0.59,0.06
"01518862",0.73,0.02
"01520000",0.55,0.03
"01521500",0.75,0.0
"01523500",0.57,0.02
"01524500",0.77,0.02
"01526500",0.8,0.03
"01529500",0.83,0.17
"01529950",0.8,0.06
"01531000",0.83,0.05
"01531500",0.92,0.06
"01532000",0.79,0.0
"01533400",0.93,0.06
"01534000",0.85,0.02
"01534300",0.39,0.29
"01534500",0.77,0.13
"01536000",0.77,0.11
"01536500",0.94,0.06
"01538000",0.83,0.16
"01539000",0.85,0.01
"01540500",0.92,0.05
"01541000",0.86,0.0
"01541200",0.71,0.02
"01541303",0.8,0.02
"01541500",0.88,0.05
"01542810",0.74,0.0
"01543000",0.84,0.0
"01543500",0.86,0.0
"01544000",0.65,0.01
"01544500",0.81,0.0
"01545000",0.66,0.01
"01545500",0.91,0.01
"01545600",0.75,0.0
"01546400",0.8,0.0
"01546500",0.82,0.0
"01547100",0.85,0.0
"01547200",0.79,0.0
"01547500",0.33,0.07
"01547700",0.81,0.0
"01547950",0.83,0.0
"01548500",0.89,0.0
"01549500",0.8,0.0
"01549700",0.86,0.0
"01550000",0.82,0.0
"01551500",0.91,0.01
"01552000",0.87,0.0
"01552500",0.76,0.0
"01553500",0.91,0.01
"01554000",0.92,0.03
"01555000",0.88,0.0
"01555500",0.87,0.0
"01556000",0.77,0.03
"01557500",0.77,0.0
"01558000",0.78,0.01
"01559000",0.83,0.02
"01560000",0.8,0.0
"01562000",0.89,0.01
"01563200",0.67,0.56
"01563500",0.85,0.26
"01564500",0.81,0.01
"01567000",0.9,0.16
"01567500",0.62,0.0
"01568000",0.77,0.0
"01570000",0.8,0.01
"01571500",0.81,0.0
"01573000",0.83,0.02
"01573560",0.78,0.02
"01574000",0.88,0.02
"01574500",0.73,0.71
"01576500",0.81,0.01
"01576754",0.8,0.01
"01580000",0.75,0.0
"01581700",0.68,0.0
"01582000",0.57,0.0
"01582500",0.56,0.48
"01583500",0.44,0.0
"01583600",0.5,0.0
"01584050",0.6,0.0
"01585500",0.49,0.13
"01586000",0.62,0.01
"01586210",0.53,0.0
"01586610",0.59,0.0
"01589500",0.68,0.0
"01591000",0.67,0.0
"01591400",0.57,0.0
"01591610",0.34,0.28
"01591700",0.64,0.01
"01592500",0.46,0.33
"01593500",0.71,0.04
"01594000",0.7,0.01
"01594440",0.73,0.13
"01594950",0.71,0.0
"01595000",0.77,0.0
"01595200",0.7,0.92
"01596500",0.83,0.0
"01597500",0.65,0.17
"01598500",0.74,0.37
"01599000",0.81,0.0
"01601500",0.87,0.0
"01603000",0.85,0.17
"01604500",0.8,0.04
"01605500",0.74,0.0
"01606500",0.83,0.0
"01607500",0.67,0.01
"01608000",0.83,0.01
"01608500",0.84,0.0
"01610000",0.88,0.07
"01613000",0.84,0.06
"01613050",0.71,0.0
"01614500",0.83,0.01
"01616500",0.86,0.0
"01617800",0.34,0.0
"01619500",0.71,0.01
"01620500",0.54,0.0
"01622000",0.78,0.03
"01625000",0.8,0.0
"01626000",0.64,0.01
"01627500",0.71,0.01
"01628500",0.81,0.01
"01629500",0.81,0.01
"01631000",0.78,0.01
"01632000",0.64,0.0
"01632082",0.52,0.0
"01632900",0.67,0.0
"01633000",0.79,0.0
"01634000",0.81,0.0
"01634500",0.68,0.0
"01635500",0.82,0.0
"01636500",0.84,0.01
"01637500",0.83,0.0
"01638480",0.65,0.01
"01638500",0.88,0.03
"01639000",0.88,0.02
"01639500",0.77,0.0
"01643000",0.86,0.01
"01643500",0.72,0.0
"01644000",0.69,0.02
"01645000",0.73,0.18
"01646000",0.63,0.04
"01646500",0.88,0.03
"01646502",0.88,0.03
"01648000",0.78,0.03
"01649500",0.74,0.01
"01651000",0.67,0.0
"01653000",0.49,0.09
"01654000",0.46,0.0
"01656000",0.78,0.04
"01658500",0.53,0.0
"01664000",0.82,0.0
"01666500",0.73,0.01
"01667500",0.76,0.01
"01668000",0.8,0.02
"01669000",0.65,0.0
"01669520",0.53,0.0
"01671020",0.82,0.89
"01673000",0.82,0.39
"01673550",0.56,0.01
"01673800",0.66,0.0
"01674000",0.73,0.05
"01674500",0.77,0.03
"02011400",0.84,0.0
"02011460",0.71,0.0
"02011470",0.66,0.42
"02011490",0.51,8.07
"02011500",0.72,0.54
"02011800",0.53,0.59
"02013000",0.73,0.0
"02013100",0.76,0.34
"02014000",0.76,0.0
"02015700",0.58,0.0
"02016000",0.76,0.0
"02016500",0.84,0.15
"02017500",0.8,0.0
"02018000",0.85,0.0
"02018500",0.59,0.0
"02019500",0.88,0.1
"02021500",0.82,0.02
"02022500",0.58,0.0
"02024000",0.82,0.01
"02025500",0.87,0.07
"02026000",0.86,0.07
"02027000",0.7,0.0
"02027500",0.48,0.0
"02028500",0.78,0.0
"02029000",0.88,0.05
"02031000",0.69,0.03
"02034000",0.79,0.23
"02035000",0.87,0.06
"02036500",0.73,0.04
"02037500",0.86,0.06
"02038850",0.61,0.0
"02039000",0.75,0.03
"02039500",0.83,0.02
"02040000",0.79,0.02
"02041000",0.68,0.02
"02041650",0.83,0.05
"02042500",0.76,0.0
"02044500",0.66,0.02
"02045500",0.8,0.01
"02046000",0.77,0.01
"02047000",0.77,0.01
"02047500",0.78,0.0
"02049500",0.75,0.0
"02051000",0.57,0.0
"02051500",0.76,0.0
"02052000",0.78,0.01
"02053200",0.78,0.0
"02053500",0.57,0.0
"02053800",0.75,0.0
"02054500",0.78,0.0
"02055100",0.66,0.01
"02056000",0.85,0.08
"02056650",0.69,0.0
"02056900",0.77,0.0
"02058400",0.78,0.0
"02059500",0.65,0.0
"02060500",0.81,0.94
"02061500",0.79,0.01
"02062500",0.83,0.7
"02064000",0.6,0.01
"02065500",0.57,0.0
"02066000",0.81,0.56
"02069700",0.77,0.0
"02070000",0.72,0.0
"02071000",0.8,0.02
"02072000",0.27,0.88
"02072500",0.39,0.73
"02073000",0.51,0.51
"02074000",0.62,0.36
"02074500",0.67,0.0
"02075500",0.81,0.1
"02077000",0.8,0.02
"02077200",0.78,0.0
"02077303",0.73,0.58
"02077500",0.72,0.42
"02077670",0.71,0.0
"0208111310",0.77,0.0
"02081500",0.83,0.0
"02081747",0.84,0.0
"02082506",0.84,0.03
"02082950",0.7,0.0
"02084557",0.51,0.0
"02085000",0.71,0.18
"02085070",0.72,0.09
"0208521324",0.67,0.0
"02085500",0.67,0.0
"02087183",0.52,0.28
"0208732885",0.41,0.01
"02087500",0.48,0.2
"02088000",0.64,0.03
"02088500",0.74,0.02
"02089000",0.8,0.11
"0208925200",0.72,0.02
"02089500",0.75,0.1
"02092500",0.79,0.0
"02093000",0.77,0.0
"02093800",0.57,0.03
"02094500",0.6,0.4
"02096500",0.82,0.19
"02096846",0.56,0.0
"02096960",0.85,0.13
"02097314",0.49,0.01
"02097464",0.64,0.01
"02097517",0.7,0.13
"02100500",0.8,0.44
"0210166029",0.59,0.04
"02102000",0.84,0.12
"02102192",0.66,0.09
"02102500",0.73,0.19
"02102908",0.56,0.0
"02104220",0.77,0.01
"02105500",0.84,0.15
"02105769",0.87,0.14
"02106500",0.82,0.01
"02108000",0.84,0.0
"02109500",0.78,0.0
"02110500",0.84,0.0
"02111000",0.61,0.0
"02111180",0.69,0.0
"02111500",0.67,0.0
"02112000",0.47,0.09
"02112120",0.7,0.0
"02112250",0.6,0.05
"02112360",0.68,0.02
"02113000",0.77,0.0
"02113850",0.68,0.01
"02114450",0.71,0.03
"02115360",0.74,0.03
"02118000",0.77,0.0
"02118500",0.75,0.0
"02120780",0.79,0.0
"02121500",0.69,0.07
"02125000",0.71,0.0
"02126000",0.88,0.02
"02128000",0.64,0.01
"02129000",0.75,0.13
"02130900",0.62,0.01
"02130910",0.63,0.19
"02133500",0.82,0.2
"02133624",0.74,0.11
"02134480",0.66,0.0
"02134500",0.84,0.04
"02135000",0.82,0.02
"02136000",0.75,0.01
"02137727",0.88,0.0
"02138500",0.45,0.02
"02140991",0.72,0.0
"02142900",0.63,0.0
"02143000",0.76,0.0
"02143040",0.75,0.0
"02143500",0.73,0.0
"02144000",0.74,0.02
"02146507",0.6,0.0
"02146600",0.63,0.01
"02146700",0.55,0.0
"02146750",0.73,0.01
"02147500",0.82,0.01
"02149000",0.67,0.0
"02151500",0.8,0.05
"02152100",0.7,0.0
"02154500",0.8,0.03
"02154790",0.79,0.01
"02156500",0.82,0.05
"02160105",0.79,0.05
"02160700",0.71,0.02
"02161000",0.8,0.12
"02163500",0.77,0.15
"02164000",0.69,0.02
"02167000",0.72,0.31
"02168504",0.49,1.22
"02169000",0.52,1.19
"02169500",0.78,0.4
"02169570",0.7,0.1
"02173000",-0.0,0.02
"02173500",-0.3,0.03
"02175000",0.76,0.02
"02175500",0.35,0.01
"02176500",0.52,0.03
"02177000",0.67,0.0
"02178400",0.63,0.0
"02192000",0.78,0.01
"02193340",0.51,0.0
"02193500",0.7,0.0
"02196000",0.8,0.01
"02197000",0.43,1.02
"02198000",0.4,0.02
"02198100",0.55,0.0
"02201000",0.79,0.02
"02202500",0.71,0.01
"02202600",0.56,0.01
"02203000",0.78,0.03
"02204070",0.73,0.01
"02208450",0.75,0.03
"02210500",0.78,0.13
"02212600",0.8,0.02
"02213000",0.83,0.13
"02215100",0.76,0.01
"02215500",0.77,0.07
"02216180",0.84,0.01
"02217475",0.79,0.01
"02217500",0.7,0.01
"02218300",0.83,0.01
"02219000",0.83,0.04
"02220900",0.77,0.02
"02221525",0.8,0.03
"02223500",0.82,0.23
"02225000",0.82,0.12
"02225500",0.88,0.01
"02226000",0.81,0.11
"02226500",0.8,0.01
"02227500",0.76,0.01
"02228000",0.77,0.01
"02231000",0.9,0.0
"02231342",0.73,0.0
"02231600",0.63,0.0
"02232200",0.31,0.0
"02233200",0.59,0.01
"02233500",0.82,0.0
"02234324",0.73,0.0
"02234384",0.64,0.0
"02234400",0.75,0.0
"02234990",0.72,0.0
"02235000",0.6,0.0
"02235200",0.82,0.0
"02236500",0.81,0.0
"02237293",0.28,0.05
"02238000",0.22,0.42
"02240000",0.16,0.23
"02240500",0.33,0.19
"02243000",-0.92,0.0
"02243960",0.38,0.17
"02245500",0.75,0.0
"02246000",0.7,0.0
"02247510",0.64,0.0
"02248000",0.71,0.0
"02256500",0.74,0.0
"02262900",0.74,0.0
"02263800",0.76,0.0
"02263869",0.07,0.0
"02264100",0.51,0.0
"02266205",0.23,0.0
"02266300",0.69,0.0
"02266480",0.55,0.0
"02266500",0.7,0.06
"02267000",0.56,0.0
"02270500",0.75,0.0
"02271500",0.64,0.69
"02291500",0.55,0.0
"02291580",0.55,0.0
"02294491",0.72,1.98
"02294650",0.73,1.45
"02294898",0.67,2.87
"02295420",0.63,8.15
"02295637",0.79,3.96
"02296500",0.8,0.0
"02296750",0.84,2.25
"02297100",0.77,0.0
"02297155",0.53,5.18
"02298123",0.74,0.0
"02298608",0.67,0.11
"02298830",0.7,0.06
"02299950",0.67,1.14
"02300100",0.69,4.95
"02300500",0.77,1.79
"02300700",0.69,0.0
"02301300",0.73,6.22
"02301500",0.8,3.17
"02301750",0.39,0.0
"02301900",0.37,0.0
"02301990",0.68,0.0
"02302500",0.84,0.23
"02303330",0.75,0.14
"02303350",0.69,0.0
"02303800",0.78,0.0
"02304500",-0.83,0.16
"02306500",0.33,0.0
"02306647",0.55,0.0
"02306774",0.61,0.14
"02307000",0.62,0.07
"02307359",0.59,0.0
"02309848",0.56,0.0
"02310000",0.51,0.0
"02310947",0.88,0.0
"02311500",0.84,0.0
"02312000",0.85,0.0
"02312200",0.73,0.08
"02312500",0.88,0.01
"02312600",0.8,0.04
"02312720",0.82,0.15
"02313000",0.81,0.57
"02313230",0.63,0.44
"02314500",0.69,0.46
"02315500",0.84,0.37
"02317500",0.81,0.02
"023177483",0.73,0.03
"02318700",0.69,0.01
"02319000",0.82,0.02
"02319500",0.89,0.21
"02320500",0.86,0.18
"02321500",0.77,0.0
"02322500",0.63,0.0
"02323500",0.69,0.13
"02324000",0.44,0.0
"02324400",0.58,0.0
"02325000",0.32,0.0
"02326000",0.46,0.0
"02327100",0.67,0.0
"02329000",0.74,0.02
"02329600",0.7,0.01
"02330000",0.74,0.09
"02330100",0.67,0.0
"02330450",0.47,0.0
"02331600",0.69,0.01
"02333500",0.68,0.02
"02334430",0.3,1.45
"02334885",0.73,0.01
"02335000",0.37,1.29
"02335450",0.39,1.24
"02335700",0.81,0.04
"02335870",0.47,0.01
"02336000",0.51,1.04
"02336300",0.61,0.0
"02336490",0.53,0.95
"02337000",0.81,0.02
"02337170",0.69,0.77
"02337500",0.32,0.02
"02338000",0.72,0.69
"02338660",0.71,0.02
"02339500",0.65,0.66
"02341505",0.66,0.56
"02341800",0.8,0.01
"02342500",0.82,0.02
"02342933",0.74,0.01
"02343801",0.72,0.45
"02344350",0.72,0.01
"02344500",0.78,0.11
"02344700",0.71,0.24
"02347500",0.78,0.05
"02349605",0.8,0.03
"02349900",0.76,0.0
"02350512",0.8,0.07
"02350900",0.73,0.01
"02351890",0.78,0.01
"02352500",0.82,0.06
"02353000",0.84,0.05
"02353400",0.6,0.01
"02353500",0.74,0.01
"02357000",0.78,0.0
"02358000",0.76,0.28
"02359000",0.82,0.06
"02359170",0.77,0.24
"02361000",0.81,0.0
"02362240",0.57,0.0
"02363000",0.72,0.0
"02366500",0.84,0.01
"02369000",0.76,0.01
"02369800",0.5,0.0
"02371500",0.72,0.0
"02372250",0.82,0.0
"02373000",0.85,0.0
"02374500",0.66,0.0
"02375500",0.9,0.01
"02376115",0.56,0.08
"02376500",0.72,0.0
"02377570",0.76,0.0
"02378500",0.75,0.0
"02380500",0.52,0.01
"02381600",0.39,0.0
"02382200",0.31,0.01
"02382500",0.3,0.71
"02383500",0.64,0.44
"02384500",0.7,0.01
"02384540",0.62,0.0
"02385800",0.77,0.0
"02387000",0.68,0.02
"02387500",0.82,0.24
"02388320",0.62,1.26
"02388500",0.85,0.2
"02392000",0.73,0.03
"02394000",0.32,0.53
"02395120",0.69,0.01
"02395980",0.4,0.33
"02397000",0.86,0.25
"02398000",0.88,0.01
"02398300",0.87,0.01
"02399200",0.85,0.01
"02400100",0.76,0.01
"02401000",0.74,0.0
"02401390",0.79,0.01
"02404400",0.87,0.02
"02405500",0.82,0.02
"02406500",0.77,0.01
"02408540",0.8,0.0
"02411000",0.79,0.21
"02412000",0.71,0.01
"02413300",0.79,0.04
"02414500",0.65,0.24
"02414715",0.72,0.2
"02415000",0.84,0.0
"02418500",0.57,0.59
"02419000",0.78,0.03
"02421000",0.7,0.01
"02422500",0.76,0.0
"02423130",0.59,0.06
"02423380",0.82,0.04
"02423496",0.88,0.13
"02423500",0.87,0.12
"02424000",0.86,0.04
"02424590",0.86,0.03
"02425000",0.87,0.02
"02427250",0.81,0.0
"02430085",0.61,0.0
"02430615",0.43,0.0
"02430680",0.62,0.0
"02430880",0.16,0.0
"02439400",0.81,0.0
"02441390",0.87,0.07
"02446500",0.76,0.0
"02447025",0.83,0.04
"02450000",0.87,0.05
"02450180",0.82,0.04
"02450250",0.74,0.0
"02453000",0.67,0.0
"02455980",0.64,0.01
"02457595",0.66,0.0
"02458450",0.72,0.0
"02462000",0.74,0.01
"02462500",0.78,0.32
"02464000",0.85,0.0
"02464146",0.58,0.0
"02464360",0.78,0.0
"02465000",0.78,0.31
"02465493",0.51,0.0
"02466030",0.81,0.26
"02467000",0.93,0.14
"02467500",0.76,0.03
"02469761",0.83,0.13
"02469800",0.75,0.0
"02471001",0.71,0.0
"02472000",0.86,0.0
"02472500",0.8,0.0
"02473000",0.88,0.0
"02473500",0.69,0.0
"02474500",0.81,0.0
"02474560",0.84,0.0
"02475000",0.89,0.0
"02476500",0.43,0.03
"02476600",0.61,0.15
"02477000",0.8,0.06
"02477990",0.78,0.01
"02478500",0.85,0.03
"02479000",0.9,0.01
"02479155",0.75,0.0
"02479160",0.85,0.01
"02479300",0.76,0.02
"02479560",0.86,0.0
"02481510",0.85,0.0
"02481880",0.79,0.0
"02482000",0.85,0.0
"02482550",0.89,0.0
"02484000",0.82,0.0
"02485700",0.42,0.03
"02488500",0.87,0.06
"02492000",0.69,0.0
"03007800",0.86,0.0
"03010500",0.79,0.0
"03010655",0.84,0.0
"03011020",0.9,0.01
"03011800",0.79,0.0
"03014500",0.72,0.18
"03015000",0.76,0.04
"03015500",0.78,0.0
"03020500",0.78,0.01
"03021350",0.67,0.0
"03023100",0.87,0.02
"03024000",0.87,0.02
"03025500",0.85,0.08
"03026500",0.78,0.0
"03028000",0.81,0.0
"03029500",0.84,0.06
"03030500",0.86,0.07
"03031500",0.89,0.08
"03032500",0.83,0.03
"03034000",0.76,0.0
"03036500",0.89,0.07
"03038000",0.86,0.11
"03041500",0.89,0.08
"03042000",0.85,0.01
"03042280",0.84,0.17
"03042500",0.82,0.13
"03045000",0.8,0.02
"03048500",0.59,0.06
"03049000",0.72,0.0
"03049500",0.9,0.07
"03049800",0.41,0.0
"03050000",0.87,0.01
"03051000",0.9,0.0
"03052000",0.88,0.01
"03052500",0.79,0.0
"03053500",0.87,0.0
"03054500",0.92,0.0
"03056250",0.81,0.0
"03061000",0.84,0.09
"03061500",0.7,0.02
"03066000",0.8,0.0
"03069500",0.86,0.0
"03070500",0.79,0.01
"03072000",0.8,0.04
"03072655",0.87,0.05
"03074500",0.7,0.0
"03075070",0.9,0.05
"03075500",0.84,0.01
"03076500",0.82,0.23
"03076600",0.73,0.0
"03078000",0.81,0.0
"03079000",0.84,0.01
"03080000",0.83,0.01
"03081000",0.82,0.17
"03082500",0.83,0.14
"03083500",0.86,0.11
"03085500",0.79,0.03
"03091500",0.48,0.39
"03093000",0.74,0.0
"03094000",0.75,0.3
"03097550",0.8,0.37
"03098600",0.8,0.33
"03101500",0.38,1.13
"03102500",0.73,0.01
"03102850",0.63,0.55
"03105500",0.83,0.25
"03106000",0.82,0.02
"03106500",0.83,0.1
"03107500",0.82,0.19
"03108000",0.86,0.09
"03109500",0.77,0.03
"03110000",0.84,0.01
"03111500",0.75,0.09
"03111548",0.63,0.0
"03112000",0.75,0.16
"03117000",0.78,0.06
"03117500",0.76,0.05
"03118000",0.79,0.0
"03118500",0.71,0.0
"03124500",0.34,0.01
"03129000",0.63,0.09
"03136500",0.71,0.03
"03139000",0.7,0.0
"03140000",0.74,0.0
"03140500",0.7,0.06
"03144000",0.78,0.0
"03145000",0.8,0.12
"03146500",0.87,0.03
"03151400",0.78,0.0
"03155000",0.86,0.01
"03157000",0.68,0.01
"03157500",0.87,0.03
"03159500",0.86,0.04
"03159540",0.64,0.0
"03161000",0.85,0.01
"03164000",0.86,0.0
"03165000",0.65,0.0
"03168000",0.83,0.0
"03170000",0.68,0.0
"03171000",0.77,0.08
"03173000",0.84,0.0
"03176500",0.85,0.06
"03179000",0.85,0.01
"03180500",0.84,0.0
"03182500",0.86,0.0
"03183500",0.9,0.0
"03184000",0.9,0.0
"03185400",0.86,0.04
"03186500",0.72,0.0
"03187500",0.72,0.0
"03189100",0.74,0.0
"03190400",0.81,0.0
"03192000",0.75,0.09
"03193000",0.87,0.05
"03194700",0.84,0.0
"03197000",0.74,0.04
"03198000",0.88,0.05
"03198500",0.8,0.1
"03200500",0.81,0.05
"03202400",0.73,0.0
"03202750",0.79,0.0
"03203600",0.67,0.04
"03207800",0.83,0.0
"03208500",0.76,0.0
"03208950",0.82,0.0
"03209000",0.42,0.34
"03209500",0.84,0.1
"03212500",0.86,0.1
"03213700",0.82,0.0
"03214500",0.81,0.01
"03216500",0.7,0.08
"03217000",0.81,0.0
"03219500",0.75,0.0
"03220000",0.81,0.0
"03221000",0.9,0.02
"03225500",0.03,0.07
"03228300",0.75,0.0
"03228500",0.56,0.47
"03228805",0.16,0.95
"03229500",0.77,0.38
"03230500",0.89,0.0
"03231500",0.87,0.08
"03232500",0.67,0.33
"03234300",0.6,0.06
"03234500",0.87,0.08
"03237280",0.35,0.0
"03237500",0.69,0.0
"03238500",0.71,0.01
"03240000",0.8,0.0
"03241500",0.81,0.0
"03245500",0.79,0.12
"03247500",0.39,0.24
"03261500",0.91,0.12
"03261950",0.79,0.03
"03262000",0.79,0.02
"03262700",0.91,0.08
"03263000",0.9,0.06
"03265000",0.87,0.0
"03266000",0.78,0.0
"03269500",0.76,0.11
"03270000",0.86,0.09
"03270500",0.92,0.05
"03272000",0.83,0.0
"03274000",0.89,0.04
"03274650",0.64,0.01
"03275000",0.75,0.0
"03275600",0.73,0.02
"03276500",0.73,0.2
"03280700",0.67,0.01
"03281000",0.53,0.09
"03281500",0.87,0.0
"03282000",0.9,0.04
"03284000",0.86,0.04
"03285000",0.75,0.0
"03289300",0.73,0.0
"03289500",0.84,0.0
"03290500",0.86,0.07
"03291500",0.7,0.03
"03291780",0.64,0.0
"03293000",0.52,0.0
"03294000",0.8,0.03
"03295890",0.78,0.02
"03298500",0.74,0.08
"03300400",0.82,0.01
"03301500",0.69,0.01
"03302000",0.75,0.0
"03302220",0.8,0.03
"03302680",0.7,0.0
"03302800",0.86,0.01
"03303000",0.86,0.0
"03303300",0.53,0.16
"03307000",0.68,0.0
"03308500",0.73,0.12
"03310300",0.65,0.01
"03320000",0.8,0.08
"03320500",0.74,0.01
"03322900",0.84,0.39
"03324000",0.81,0.0
"03324300",0.84,0.0
"03325000",0.66,0.17
"03325500",0.8,0.0
"03326500",0.88,0.0
"03327500",0.7,0.15
"03328000",0.87,0.0
"03328500",0.89,0.0
"03329000",0.81,0.11
"03329700",0.84,0.0
"03330241",0.69,0.15
"03330500",0.82,0.07
"03331500",0.92,0.02
"03333050",0.83,0.03
"03333450",0.85,0.0
"03333600",0.83,0.0
"03333700",0.88,0.02
"03334000",0.85,0.01
"03334500",0.82,0.0
"03335000",0.9,0.01
"03335500",0.87,0.06
"03336000",0.9,0.06
"03336645",0.78,0.02
"03337000",0.52,0.0
"03338780",0.82,0.0
"03339000",0.85,0.01
"03339280",0.82,0.0
"03339500",0.73,0.0
"03340500",0.91,0.04
"03340800",0.86,0.0
"03341500",0.91,0.05
"03342000",0.85,0.05
"03343400",0.8,0.0
"03345500",0.88,0.01
"03346000",0.77,0.0
"03347000",0.8,0.12
"03349000",0.89,0.03
"03350700",0.9,0.0
"03351000",0.9,0.05
"03351310",0.82,0.01
"03351500",0.75,0.0
"03352500",0.87,0.09
"03353000",0.9,0.05
"03353120",0.64,0.0
"03353200",0.89,0.0
"03353500",0.82,0.18
"03353600",0.83,0.0
"03353620",0.69,0.0
"03353637",0.62,0.0
"03353800",0.81,0.01
"03354000",0.89,0.05
"03357350",0.56,0.0
"03358000",0.81,0.01
"03360000",0.7,0.06
"03360500",0.85,0.05
"03361500",0.89,0.06
"03361650",0.72,0.0
"03361850",0.85,0.0
"03362000",0.79,0.0
"03362500",0.83,0.0
"03363500",0.82,0.0
"03363900",0.76,0.0
"03364000",0.85,0.03
"03364500",0.68,0.02
"03365500",0.83,0.02
"03366500",0.83,0.0
"03368000",0.55,0.0
"03369500",0.74,0.04
"03371500",0.81,0.03
"03373500",0.85,0.07
"03374000",0.86,0.06
"03375500",0.53,0.66
"03376300",0.81,0.3
"03376500",0.81,0.22
"03378000",0.26,0.01
"03378550",0.72,0.0
"03378635",0.82,0.16
"03379500",0.8,0.08
"03380500",0.66,0.03
"03381500",0.78,0.04
"03382100",0.69,0.51
"03383000",0.68,0.04
"03384450",0.77,0.0
"03404000",0.81,0.02
"03421000",0.93,0.0
"03428200",0.91,0.0
"03432350",0.86,0.0
"03433500",0.92,0.01
"03434500",0.91,0.0
"03438000",0.84,0.02
"03439000",0.76,0.0
"03443000",0.69,0.04
"03446000",0.77,0.0
"0344894205",0.75,0.0
"03450000",0.82,0.0
"03451000",0.89,0.11
"03451500",0.76,0.04
"03453500",0.75,0.03
"03455500",0.6,0.0
"0345577330",0.61,0.04
"03456100",0.67,0.02
"03456500",0.68,0.0
"03456991",0.61,0.01
"03459500",0.79,0.02
"03460000",0.76,0.0
"03463300",0.58,0.0
"03465500",0.86,0.0
"03471500",0.75,0.0
"03473000",0.82,0.0
"03475000",0.82,0.01
"03479000",0.65,0.01
"03488000",0.86,0.0
"03497300",0.84,0.0
"03498500",0.88,0.0
"03500000",0.65,0.0
"03500240",0.7,0.0
"03503000",0.72,0.01
"03504000",0.65,0.0
"03512000",0.81,0.0
"03524000",0.91,0.0
"03528000",0.84,0.0
"03531500",0.93,0.01
"03540500",0.83,0.03
"03550000",0.83,0.01
"03566000",0.67,0.18
"03568933",0.85,0.0
"03574500",0.69,0.0
"03586500",0.68,0.01
"03592718",0.68,0.0
"03597590",0.75,0.0
"03604000",0.75,0.01
"03610200",0.8,0.0
"03611260",0.6,0.0
"03612000",0.79,0.01
"04015330",0.76,0.0
"04024000",0.85,0.27
"04024430",0.79,0.0
"04025500",0.82,0.0
"04027000",0.88,0.0
"04027500",0.72,0.13
"04029990",0.78,0.21
"04034500",0.15,0.26
"04036000",0.71,0.29
"04037500",0.45,0.28
"04040000",0.78,0.09
"04040500",0.88,0.01
"04041500",0.89,0.03
"04043050",0.69,0.02
"04045500",0.81,0.0
"04056500",0.85,0.04
"04057510",0.81,0.0
"04057800",0.82,0.0
"04058100",0.63,0.13
"04058200",0.49,6.19
"04059000",0.79,0.51
"04059500",0.76,0.0
"04060993",0.81,0.0
"04062000",0.11,0.01
"04062500",0.51,0.23
"04063000",0.74,0.16
"04063500",0.78,0.16
"04063700",0.55,0.0
"04065722",0.82,0.13
"04066003",0.81,0.12
"04069500",0.62,0.07
"04071000",0.69,0.06
"04072150",0.61,0.0
"04073500",0.81,0.08
"04074950",0.54,0.03
"04079000",0.55,0.03
"04084445",0.73,0.67
"04084500",0.71,0.67
"04086000",0.76,0.02
"04086600",0.85,0.01
"04087000",0.85,0.01
"04087030",0.81,0.0
"04087088",0.6,0.0
"04087120",0.82,0.0
"04087159",0.55,0.0
"04087204",0.83,0.0
"04087220",0.79,0.0
"04087240",0.8,0.0
"04087257",0.76,0.0
"04093000",0.86,0.02
"04094000",0.74,0.01
"04096405",0.57,0.0
"04096515",0.76,0.0
"04097540",0.75,0.0
"04099000",0.75,0.03
"04099510",0.78,0.0
"04099750",0.83,0.0
"04100222",0.82,0.05
"04100500",0.84,0.02
"04101000",0.8,0.02
"04101500",0.86,0.02
"04101800",0.82,0.01
"04102500",0.77,0.01
"04102700",0.81,0.0
"04103010",0.33,0.01
"04105000",0.78,0.0
"04105500",0.8,0.01
"04105700",0.72,0.0
"04106000",0.77,0.02
"04106400",0.23,0.0
"04108600",0.69,0.0
"04108800",0.73,0.0
"04109000",0.74,0.08
"04111500",0.81,0.0
"04112000",0.73,0.0
"04112500",0.84,0.0
"04113000",0.85,0.02
"04114000",0.86,0.02
"04115000",0.86,0.04
"04115265",0.71,0.0
"04116000",0.88,0.02
"04117500",0.78,0.0
"04118500",0.82,0.01
"04119000",0.84,0.02
"04121300",0.44,0.0
"04121500",0.85,0.02
"04122100",0.75,0.0
"04122200",0.71,0.0
"04122500",0.74,0.0
"04124000",0.84,0.0
"04127800",-0.33,0.0
"04127918",0.62,0.0
"04127997",0.31,0.01
"04128990",0.57,0.01
"04136500",0.73,0.01
"04137500",0.63,0.11
"04142000",0.76,0.06
"04146000",0.7,0.19
"04146063",0.79,0.09
"04148140",0.82,0.03
"04148500",0.83,0.07
"04151500",0.8,0.0
"04152238",0.77,0.05
"04154000",0.87,0.05
"04155000",0.87,0.0
"04156000",0.79,0.08
"04159492",0.72,0.0
"04159900",0.8,0.02
"04160600",0.71,0.01
"04161540",0.71,0.08
"04161580",0.74,0.07
"04161800",0.66,0.18
"04164000",0.76,0.06
"04164100",0.68,0.03
"04164300",0.64,0.0
"04164500",0.74,0.0
"04165500",0.78,0.04
"04166000",0.74,0.02
"04166100",0.77,0.01
"04166300",0.76,0.0
"04166500",0.78,0.01
"04167000",0.77,0.03
"04168000",0.65,0.0
"04170000",0.8,0.17
"04170500",0.66,0.28
"04172000",0.68,0.17
"04174500",0.77,0.1
"04175600",0.65,0.81
"04176000",0.79,0.26
"04176500",0.85,0.12
"04176605",0.71,0.0
"04177000",0.7,0.0
"04177720",0.81,0.74
"04178000",0.82,0.06
"04180000",0.89,0.0
"04180500",0.88,0.04
"04181500",0.81,0.0
"04182000",0.8,0.0
"04183000",0.91,0.07
"04185000",0.81,0.0
"04186500",0.77,0.0
"04189000",0.79,0.09
"04191500",0.9,0.05
"04192500",0.92,0.03
"04193500",0.91,0.05
"04195500",0.8,0.03
"04196800",0.74,0.05
"04197100",0.74,0.0
"04197170",0.76,0.0
"04198000",0.87,0.02
"04199000",0.78,0.06
"04200500",0.81,0.03
"04201500",0.74,0.02
"04202000",0.72,0.14
"04206000",0.85,0.1
"04207200",0.71,0.02
"04208000",0.83,0.06
"04212100",0.83,0.01
"04213000",0.64,0.0
"04213075",0.49,0.0
"04215000",0.71,0.0
"04215500",0.65,0.0
"04216418",0.67,0.05
"04218000",0.79,0.02
"04218518",0.76,0.01
"0422026250",0.4,0.0
"04221000",0.86,0.0
"04223000",0.85,0.03
"04224775",0.73,0.0
"04227000",0.77,0.0
"04227500",0.06,0.03
"04228500",0.2,0.03
"04229500",0.71,0.19
"04230380",0.68,0.0
"04230500",0.75,0.0
"04231000",0.79,0.0
"04231600",0.51,0.03
"04232050",0.63,0.1
"0423205010",0.76,0.02
"04232482",0.52,0.45
"04233000",0.74,0.0
"04234000",0.85,0.0
"04237500",0.74,0.45
"04239000",0.81,0.0
"04240010",0.75,0.01
"04240120",0.69,0.0
"04240180",0.68,0.66
"04240300",0.74,0.27
"04243500",0.74,0.0
"04249000",0.83,0.32
"04252500",0.83,0.05
"04256000",0.8,0.0
"04258000",0.45,0.24
"04260500",0.89,0.05
"04262000",0.68,0.21
"04262500",0.84,0.0
"04263000",0.84,0.07
"04266500",0.82,0.06
"04270000",0.76,0.01
"04273500",0.89,0.17
"04280000",0.79,0.04
"04282000",0.84,0.05
"04282500",0.53,0.03
"04285500",0.72,0.03
"04286000",0.88,0.04
"04287000",0.79,0.0
"04288000",0.79,0.0
"04289000",0.46,0.26
"04290500",0.89,0.05
"04292000",0.87,0.07
"04292500",0.87,0.04
"04296000",0.87,0.0
"04296500",0.78,0.06
"05014500",0.86,0.0
"05017500",0.81,0.12
"05046000",0.68,3.14
"05050000",0.64,0.61
"05051300",0.65,0.52
"05051500",0.76,1.92
"05051522",0.72,1.76
"05053000",0.64,0.23
"05054000",0.77,1.53
"05054500",0.6,0.45
"05056000",0.64,0.27
"05057000",0.67,0.23
"05057200",0.49,0.01
"05058000",0.63,0.81
"05058700",0.74,0.51
"05059000",0.71,0.41
"05059500",0.67,0.4
"05059700",0.71,0.01
"05060500",0.6,0.16
"05061000",0.71,0.16
"05061500",0.6,0.04
"05062000",0.72,0.08
"05064000",0.72,0.25
"05066500",0.57,0.1
"05069000",0.57,0.1
"05076000",0.7,0.56
"05078000",0.72,0.3
"05078230",0.72,0.01
"05078500",0.73,0.18
"05079000",0.61,1.37
"05084000",0.52,0.33
"05085000",0.54,0.26
"05090000",0.66,0.1
"05094000",0.75,0.09
"05104500",0.69,0.03
"05116500",-0.14,0.29
"05120500",0.57,0.0
"05123400",0.36,0.7
"05124480",0.77,0.0
"05127000",0.78,0.07
"05127500",0.8,0.06
"05129115",0.81,0.44
"05130500",0.76,0.82
"05131500",0.85,0.46
"05211000",0.28,1.07
"05227500",0.75,0.59
"05242300",0.79,0.74
"05245100",0.65,2.16
"05247500",0.85,0.51
"05267000",0.86,0.63
"05270700",0.86,0.57
"05280000",0.81,0.32
"05286000",0.74,0.07
"05287890",0.81,0.09
"05291000",0.63,0.01
"05292000",0.88,0.86
"05304500",0.82,0.55
"05311000",0.8,0.43
"05313500",0.66,0.03
"05315000",0.71,0.01
"05316500",0.78,0.01
"05317000",0.82,0.01
"05317200",0.7,0.0
"05319500",0.81,0.04
"05320000",0.86,0.04
"05320500",0.84,0.06
"05325000",0.8,0.15
"05327000",0.71,0.02
"05330000",0.79,0.13
"05333500",0.78,0.08
"05336700",0.88,0.01
"05340500",0.91,0.05
"05341500",0.73,0.1
"05345000",0.72,0.0
"05353800",0.83,0.11
"05356000",0.58,0.46
"05356500",0.79,0.27
"05360500",0.82,0.19
"05362000",0.86,0.02
"05365500",0.86,0.19
"05368000",0.66,0.01
"05369000",0.72,0.16
"05369500",0.86,0.16
"05370000",0.58,0.04
"05372995",0.81,0.03
"05379500",0.68,0.0
"05382000",0.81,0.02
"05388250",0.83,0.0
"05391000",0.2,0.23
"05393500",0.83,0.0
"05394500",0.86,0.0
"05397500",0.73,0.0
"05398000",0.79,0.13
"05399500",0.59,0.0
"05400760",0.78,0.15
"05404000",0.74,0.15
"05404116",0.76,0.01
"05405000",0.74,0.04
"05406500",0.69,0.0
"05407000",0.72,0.14
"05408000",0.83,0.0
"05410490",0.55,0.0
"05412500",0.83,0.01
"05413500",0.62,0.0
"05414000",0.47,0.0
"05414820",0.38,0.0
"05418500",0.77,0.02
"05419000",0.52,0.08
"05421000",0.85,0.01
"05422000",0.73,0.0
"05425500",0.87,0.09
"05425912",0.73,0.51
"05426000",0.9,0.18
"05426250",0.81,0.13
"05427570",0.88,0.09
"05427718",0.65,0.0
"05427948",0.7,0.0
"05429500",0.25,0.81
"05430150",0.66,0.0
"05430175",0.48,0.56
"05430500",0.88,0.19
"05431486",0.72,0.14
"05432500",0.76,0.01
"05433000",0.7,0.0
"05434500",0.73,0.01
"05435500",0.71,0.01
"05436500",0.76,0.0
"05437500",0.88,0.1
"05438500",0.85,0.0
"05439000",0.83,0.0
"05439500",0.79,0.0
"05440000",0.81,0.0
"05444000",0.68,0.0
"05446500",0.78,0.07
"05447500",0.73,0.0
"05449500",0.84,0.0
"05451500",0.89,0.01
"05451700",0.74,0.0
"05451900",0.62,0.0
"05452000",0.81,0.0
"05452200",0.61,0.04
"05453000",0.74,0.0
"05453100",0.87,0.01
"05454000",0.72,0.0
"05454300",0.76,0.01
"05454500",0.73,0.03
"05455100",0.78,0.0
"05455500",0.82,0.01
"05455700",0.83,0.03
"05457000",0.64,0.04
"05458000",0.75,0.0
"05458500",0.76,0.02
"05458900",0.8,0.0
"05459500",0.85,0.02
"05463000",0.81,0.0
"05464000",0.84,0.01
"05464500",0.8,0.01
"05465000",0.83,0.01
"05465500",0.86,0.02
"05466000",0.69,0.0
"05466500",0.78,0.02
"05470500",0.82,0.0
"05471050",0.88,0.0
"05471200",0.8,0.02
"05471500",0.8,0.01
"05472500",0.74,0.03
"05473400",0.8,0.01
"05474000",0.81,0.02
"05476000",0.88,0.18
"05476750",0.89,0.11
"05479000",0.82,0.0
"05480500",0.87,0.06
"05481000",0.87,0.0
"05481300",0.85,0.05
"05481650",0.83,0.09
"05481950",0.82,0.0
"05482300",0.85,0.0
"05482500",0.88,0.0
"05483450",0.81,0.0
"05483600",0.78,0.12
"05484000",0.74,0.06
"05484500",0.85,0.02
"05484800",0.75,0.02
"05485500",0.89,0.06
"05486000",0.67,0.03
"05486490",0.84,0.01
"05487470",0.72,0.04
"05487980",0.75,0.03
"05488200",0.69,0.01
"05488500",0.77,0.05
"05489000",0.72,0.0
"05489500",0.76,0.05
"05490500",0.75,0.05
"05495000",0.81,0.02
"05495500",0.81,0.0
"05496000",0.56,0.02
"05500000",0.55,0.03
"05501000",0.8,0.02
"05502000",-0.19,0.68
"05502300",0.66,0.02
"05502500",0.57,0.07
"05503800",0.68,0.01
"05506800",0.8,0.01
"05507600",0.78,0.02
"05507800",0.41,0.42
"05508000",0.43,0.4
"05508805",0.76,0.01
"05512500",0.44,0.01
"05514500",0.81,0.02
"05515500",0.8,0.01
"05516500",0.86,0.0
"05517000",0.81,0.0
"05517500",0.84,0.01
"05517530",0.81,0.01
"05518000",0.81,0.01
"05520500",0.84,0.01
"05522500",0.86,0.0
"05524500",0.87,0.0
"05525000",0.85,0.0
"05525500",0.85,0.0
"05526000",0.91,0.0
"05527500",0.84,0.01
"05527800",0.76,0.01
"05527950",0.82,0.01
"05528000",0.82,0.01
"05528500",0.81,0.0
"05529000",0.84,0.01
"05529500",0.86,0.0
"05530000",0.68,0.0
"05530990",0.79,0.01
"05531300",0.86,0.05
"05531500",0.88,0.04
"05532000",0.7,0.0
"05532500",0.85,0.01
"05533000",0.79,0.0
"05533400",0.74,0.0
"05534500",0.82,0.0
"05535000",0.75,0.0
"05535070",0.76,0.0
"05535500",0.72,0.0
"05536000",0.78,0.0
"05536195",0.5,0.04
"05536215",0.76,0.01
"05536235",0.69,0.0
"05536255",0.75,0.0
"05536275",0.85,0.0
"05536290",0.72,0.02
"05536340",0.49,0.0
"05536500",0.68,0.0
"05537500",0.76,0.04
"05539000",0.81,0.0
"05539900",0.76,0.0
"05540060",0.82,0.0
"05540095",0.84,0.0
"05540130",0.84,0.01
"05540160",0.82,0.0
"05540195",0.7,0.0
"05540250",0.89,0.0
"05540275",0.77,0.0
"05540500",0.84,0.01
"05543500",0.9,0.03
"05543830",0.9,0.2
"05544200",0.63,0.19
"05548280",0.83,0.04
"05550500",0.86,0.04
"05551200",0.77,0.01
"05551700",0.61,0.0
"05552500",0.78,0.08
"05554500",0.8,0.0
"05555300",0.86,0.0
"05556500",0.79,0.0
"05558300",0.9,0.04
"05567500",0.84,0.06
"05568000",0.83,0.05
"05568500",0.77,0.06
"05568800",0.68,0.0
"05569500",0.86,0.04
"05570000",0.88,0.03
"05570910",0.78,0.0
"05572000",0.71,0.0
"05573540",0.8,0.04
"05576000",0.85,0.13
"05576500",0.9,0.09
"05577500",0.59,0.0
"05578500",0.82,0.37
"05579500",0.78,0.0
"05580000",0.76,0.0
"05580950",0.62,0.01
"05582000",0.85,0.07
"05583000",0.9,0.07
"05584500",0.81,0.02
"05585000",0.63,0.01
"05587000",0.83,0.13
"05587900",0.75,0.11
"05588000",0.62,0.0
"05590800",0.85,0.0
"05591200",0.83,0.0
"05591550",0.73,0.1
"05591700",0.76,0.0
"05592000",0.71,0.32
"05592050",0.83,0.0
"05592100",0.63,0.25
"05592575",0.69,0.0
"05592800",0.82,0.0
"05592900",0.55,0.02
"05593000",0.81,0.13
"05593575",0.7,0.0
"05593900",0.74,0.0
"05594000",0.69,0.16
"05594100",0.77,0.11
"05594450",0.54,0.01
"05594800",0.77,0.03
"05595200",0.79,0.02
"05595730",0.71,0.0
"05595820",0.8,0.07
"05597000",0.76,0.39
"05597500",0.68,0.0
"06020600",0.82,0.25
"06025500",0.84,0.01
"06033000",0.84,0.0
"06036650",0.75,0.13
"06037500",0.51,0.0
"06038500",0.06,0.65
"06043500",0.88,0.0
"06052500",0.84,0.01
"06054500",0.83,0.16
"06066500",0.0,0.54
"06088500",0.82,0.0
"06089000",0.61,0.3
"06101500",0.3,0.84
"06108000",-3.33,1.55
"06126500",-1.63,0.37
"06130500",-0.5,0.3
"06186500",0.84,0.0
"06188000",0.92,0.0
"06191000",0.88,0.0
"06191500",0.95,0.0
"06192500",0.95,0.0
"06195600",0.65,0.01
"06200000",0.88,0.0
"06204050",0.66,0.45
"06207500",0.88,0.0
"06208500",0.74,0.0
"06214500",0.88,0.01
"06221400",0.81,0.0
"06224000",0.87,0.0
"06225000",0.58,3.52
"06225500",0.83,0.4
"06228000",0.59,0.41
"06235500",0.75,0.04
"06253000",0.38,0.41
"06259000",0.53,0.39
"06274300",0.68,0.31
"06278300",0.75,0.0
"06279500",0.68,0.29
"06279940",0.93,0.0
"06280300",0.91,0.0
"06281000",0.81,0.0
"06282000",0.62,0.0
"06285100",0.46,0.01
"06289000",0.76,0.0
"06289600",0.68,0.02
"06289820",0.67,0.04
"06294000",0.5,0.12
"06295113",-0.76,0.01
"06298000",0.88,0.01
"06306300",0.91,0.14
"06307500",0.73,0.41
"06307616",0.6,0.28
"06308500",0.09,0.21
"06309200",0.61,0.0
"06311000",0.72,0.0
"06311400",0.74,0.16
"06317000",0.72,0.03
"06324500",0.85,0.29
"06324970",0.66,0.37
"06326500",0.59,0.28
"06332515",0.31,0.05
"06334500",0.45,0.11
"06335500",0.47,0.12
"06337000",0.42,0.09
"06339100",0.35,0.02
"06339500",0.51,0.02
"06340000",0.48,0.19
"06340500",0.46,0.06
"06342260",0.46,1.73
"06344600",0.37,0.01
"06345500",0.46,0.15
"06345780",0.53,0.12
"06348300",0.59,0.48
"06349000",0.58,0.46
"06350000",0.43,0.16
"06352000",0.38,0.1
"06353000",0.68,0.09
"06354000",0.67,0.1
"06354580",0.31,0.15
"06354882",0.49,0.04
"06355500",0.49,0.72
"06357800",0.64,1.23
"06359500",0.63,0.1
"06360500",0.74,0.11
"06395000",0.65,0.27
"06400000",0.33,1.02
"06400875",0.34,0.25
"06402000",-8.76,0.12
"06402500",0.22,0.0
"06403300",-0.1,0.29
"06404000",0.74,0.12
"06404998",0.48,0.26
"06406000",-0.61,0.08
"06406500",-1.36,0.06
"06407500",-2.44,1.18
"06408700",-0.6,0.0
"06409000",-1.77,0.0
"06410500",-3.46,0.47
"06411500",-3.81,1.97
"06412500",-4.39,1.7
"06414000",-4.24,1.55
"06418900",-2.75,1.4
"06422500",0.64,0.01
"06423500",0.16,0.54
"06425100",0.24,0.0
"06425500",0.53,0.07
"06430500",0.48,0.01
"06430800",0.6,0.0
"06431500",0.25,0.03
"06433000",0.67,0.01
"06436000",0.64,0.99
"06436180",0.77,0.27
"06436190",0.78,0.2
"06436198",0.72,0.15
"06436760",0.45,0.06
"06437000",0.63,1.03
"06437020",0.75,0.0
"06438000",0.65,0.73
"06440200",0.56,0.13
"06441500",0.15,0.19
"06445685",0.6,0.88
"06446000",0.38,0.95
"06447000",0.48,0.28
"06447500",0.65,0.0
"06449000",0.44,0.9
"06449100",0.68,0.27
"06449500",0.5,0.17
"06450500",0.36,0.16
"06452000",0.58,0.16
"06453600",0.42,0.08
"06461500",0.47,0.06
"06463500",0.27,0.0
"06464100",0.36,0.03
"06464500",0.55,0.05
"06465500",0.52,0.06
"06468170",0.54,0.04
"06468250",0.59,0.04
"06469400",0.41,0.06
"06470000",0.53,0.67
"06470500",0.59,0.48
"06470800",0.75,0.01
"06471200",0.44,0.11
"06471500",0.54,0.52
"06476000",0.72,0.35
"06477000",0.7,0.32
"06477500",0.84,0.05
"06478690",0.69,0.01
"06479010",0.33,0.04
"06479215",0.5,0.0
"06479438",0.23,0.0
"06479525",0.22,0.0
"06480000",0.04,0.01
"06481000",0.23,0.01
"06482020",0.44,0.01
"06483500",0.78,0.0
"06485500",0.71,0.01
"06600100",0.73,0.0
"06600500",0.73,0.0
"06601000",0.24,0.0
"06605000",0.84,0.01
"06605850",0.89,0.01
"06606600",0.89,0.01
"06607200",0.72,0.01
"06607500",0.84,0.02
"06608500",0.65,0.02
"06609500",0.78,0.04
"06614800",0.82,0.0
"06620000",0.67,0.11
"06622700",0.88,0.0
"06623800",0.9,0.0
"06625000",0.91,0.13
"06630000",0.75,0.05
"06632400",0.9,0.12
"06634620",0.68,0.12
"06635000",0.59,0.36
"06647500",0.85,0.0
"06657000",0.64,0.89
"06670500",-0.66,1.14
"06709530",0.6,0.01
"06710385",0.7,0.0
"06711565",0.58,0.66
"06712000",0.09,0.12
"06714215",0.4,0.65
"06719505",0.92,0.11
"06725450",0.47,0.87
"06730200",0.46,1.35
"06741510",-0.39,0.91
"06746095",0.81,0.0
"06746110",0.56,10.38
"06751490",0.87,0.32
"06752260",0.14,0.61
"06752280",0.22,8.54
"06775500",-0.85,0.0
"06784000",0.22,0.01
"06785000",0.47,0.08
"06786000",0.59,0.01
"06790500",0.55,0.23
"06793000",0.48,0.13
"06794000",0.51,0.01
"06797500",0.77,0.0
"06799000",0.69,0.0
"06799100",0.63,0.08
"06799350",0.65,0.02
"06800000",0.57,0.01
"06800500",0.62,0.01
"06803000",0.55,0.25
"06803500",0.79,0.31
"06803510",0.72,0.01
"06803520",0.8,0.11
"06803530",0.7,0.01
"06803555",0.77,0.21
"06804000",0.78,0.03
"06806500",0.72,0.02
"06807410",0.78,0.01
"06808500",0.84,0.01
"06809210",0.77,0.02
"06809500",0.85,0.02
"06810000",0.75,0.01
"06811500",0.85,0.05
"06814000",0.77,0.03
"06815000",0.78,0.04
"06817000",0.81,0.01
"06817700",0.84,0.03
"06819185",0.69,0.05
"06820500",0.77,0.02
"06821150",0.32,1.16
"06821190",0.73,0.13
"06821500",-1.23,0.01
"06823500",0.35,0.0
"06827500",-1.43,3.56
"06828500",-0.2,0.71
"06834000",-0.03,1.39
"06835500",0.26,0.87
"06836500",0.32,0.03
"06837000",-0.55,1.57
"06838000",0.01,4.42
"06843500",0.07,1.63
"06844500",0.15,1.39
"06846500",-0.3,0.03
"06847500",-2.53,0.08
"06847900",0.08,0.19
"06848500",0.24,8.69
"06853800",0.54,0.04
"06860000",-0.04,0.05
"06861000",-0.09,0.06
"06862700",-0.1,1.1
"06862850",-0.09,1.09
"06863500",-0.33,0.02
"06864050",0.02,0.91
"06864500",0.07,0.85
"06865500",0.09,1.08
"06866500",0.14,0.8
"06866900",0.24,0.03
"06867000",0.27,0.05
"06868200",0.11,3.43
"06869500",0.14,2.83
"06871000",0.04,0.23
"06871500",0.21,0.05
"06872500",0.34,2.02
"06873000",0.01,0.21
"06873460",0.14,1.2
"06874000",0.19,0.75
"06875900",-0.26,1.71
"06876700",-0.2,0.16
"06876900",-0.04,0.94
"06877600",0.25,0.86
"06878000",0.69,0.01
"06879650",-0.06,0.0
"06880800",0.49,0.02
"06881000",0.57,0.02
"06882000",0.54,0.06
"06882510",0.62,0.05
"06883000",0.46,0.03
"06884000",0.42,0.04
"06884025",0.58,0.03
"06884200",0.61,0.01
"06884400",0.66,0.03
"06885500",0.72,0.08
"06887000",0.33,0.22
"06888500",0.7,0.04
"06889200",0.4,0.01
"06889500",0.57,0.02
"06890100",0.74,0.04
"06891500",0.46,0.6
"06892000",0.54,0.03
"06893080",0.72,0.05
"06893300",0.6,0.0
"06893500",0.75,0.05
"06894000",0.8,0.52
"06897500",0.72,0.06
"06898000",0.72,0.11
"06899500",0.8,0.07
"06902000",0.7,0.05
"06903400",0.49,0.01
"06903700",0.77,0.03
"06903900",0.51,0.7
"06904010",0.44,0.52
"06904050",0.57,0.44
"06904500",0.67,0.33
"06905500",0.7,0.24
"06906200",0.72,0.56
"06906300",0.59,0.34
"06906800",0.77,0.01
"06908000",0.64,0.03
"06910800",0.81,0.58
"06911900",0.87,0.0
"06912500",0.41,0.46
"06913000",0.54,0.54
"06913500",0.56,0.46
"06915000",0.32,0.98
"06915800",0.64,0.28
"06916600",0.77,0.27
"06917000",0.83,0.02
"06918440",0.76,0.0
"06918460",0.65,0.0
"06918740",0.71,0.19
"06919020",0.56,1.04
"06919500",0.76,0.0
"06919900",0.5,0.75
"06921070",0.83,0.0
"06921200",0.61,0.0
"06921350",0.69,0.53
"06926000",0.77,0.46
"06932000",0.73,0.02
"06933500",0.85,0.0
"06934000",0.75,0.0
"07013000",0.81,0.02
"07014500",0.84,0.04
"07015720",0.69,0.02
"07016500",0.66,0.03
"07018500",0.71,0.16
"07019000",0.78,0.07
"07030240",0.83,0.0
"07047942",0.75,0.0
"07050700",0.83,0.0
"07052500",0.85,0.0
"07056000",0.8,0.0
"07057500",0.87,0.0
"07060500",0.35,0.87
"07060710",0.59,0.0
"07061500",0.58,0.25
"07063000",0.49,0.15
"07066000",0.76,0.0
"07067000",0.83,0.0
"07068000",0.8,0.0
"07071500",0.75,0.0
"07072500",0.86,0.03
"07077380",0.65,0.0
"07077555",0.83,0.0
"07083000",0.87,0.0
"07096000",0.75,0.21
"07099970",0.74,0.61
"07103700",0.27,1.93
"07103800",-0.13,25.41
"07103990",0.14,0.0
"07104000",0.48,2.18
"07105500",0.45,1.66
"07105530",0.27,1.6
"07105800",0.31,1.32
"07105900",0.08,0.0
"07105945",0.44,0.0
"07106000",0.31,1.06
"07106300",0.4,0.86
"07106500",0.38,0.79
"07108900",0.48,0.14
"07109500",0.69,0.62
"07116500",0.44,0.45
"07119500",0.17,0.13
"07121500",-0.2,0.07
"07124000",0.35,0.6
"07124200",0.54,1.24
"07124410",0.52,10.19
"07126300",0.33,4.81
"07128500",0.33,2.79
"07130500",0.59,0.9
"07140850",0.01,0.15
"07141200",0.05,0.12
"07141780",0.12,0.13
"07141900",0.26,0.15
"07142300",0.12,0.02
"07142575",0.59,0.01
"07143300",0.51,0.02
"07143665",0.64,0.02
"07144200",0.5,0.01
"07144780",0.64,0.01
"07144795",0.38,1.22
"07144910",0.51,0.01
"07145200",0.69,0.02
"07145500",0.54,0.4
"07145700",0.74,0.0
"07147070",0.84,0.02
"07147800",0.69,0.32
"07148400",0.42,0.03
"07149000",0.26,0.04
"07151000",0.63,0.05
"07151500",0.67,0.0
"07152000",0.8,0.01
"07153000",0.8,0.13
"07154500",0.03,0.02
"07155590",-0.1,0.17
"07156900",-1.14,0.13
"07157500",0.05,0.1
"07158000",0.12,0.1
"07159100",0.25,0.03
"07160000",0.3,0.1
"07161450",0.35,0.08
"07164600",0.54,0.0
"07165562",0.56,0.0
"07165565",0.57,0.02
"07166500",0.77,0.07
"07167500",0.69,0.02
"07169500",0.66,0.09
"07169800",0.87,0.06
"07170500",0.79,0.06
"07170700",0.82,1.32
"07171000",0.75,0.07
"07172000",0.87,0.03
"07174400",0.68,0.53
"07175500",0.76,0.38
"07176000",0.75,0.31
"07176500",0.66,0.19
"07177500",0.71,0.67
"07177650",0.65,0.0
"07177800",0.52,0.0
"07178000",0.75,0.61
"07178200",0.76,0.55
"07179500",0.48,0.08
"07179730",0.76,0.07
"07179795",0.21,1.15
"07180400",0.76,0.34
"07180500",0.68,0.01
"07182250",0.8,0.16
"07182510",0.55,0.16
"07183000",0.61,0.17
"07183500",0.61,0.12
"07184000",0.7,0.01
"07185000",0.62,0.1
"07186000",0.86,0.01
"07187000",0.85,0.0
"07188000",0.9,0.01
"07189000",0.74,0.04
"07191000",0.55,0.0
"07191220",0.77,0.01
"07191500",0.76,0.36
"07195500",0.85,0.02
"07195800",0.6,0.0
"07195855",0.63,0.41
"07196500",0.8,0.04
"07196900",0.68,0.0
"07197000",0.78,0.0
"07198000",0.58,0.53
"07203000",0.12,0.0
"07206000",0.07,23.02
"07207000",-0.06,16.04
"07207500",0.48,0.0
"07208500",0.8,0.0
"07211500",0.35,1.53
"07215500",0.51,0.0
"07216500",0.29,0.03
"07218000",0.35,0.01
"07221500",0.27,0.61
"07226500",0.02,0.0
"07227000",-0.11,1.53
"07227100",0.43,0.0
"07227500",0.15,0.25
"07230000",0.16,2.58
"07230500",0.49,1.44
"07231000",0.72,0.76
"07232900",0.01,0.08
"07234000",-0.14,5.11
"07235000",0.04,0.08
"07237500",0.32,1.72
"07238000",0.25,1.09
"07239300",0.0,1.3
"07239450",0.08,1.17
"07239500",0.07,1.14
"07241000",0.06,1.12
"07241520",0.06,0.92
"07241550",0.05,0.85
"07242000",0.13,0.55
"07242380",0.55,0.17
"07243500",0.77,0.1
"07247000",0.84,0.14
"07249400",0.81,0.08
"07261000",0.86,0.0
"07263295",0.77,0.0
"07263300",0.83,0.01
"07264000",0.88,0.02
"07283000",0.84,0.0
"07287400",0.63,0.01
"07289350",0.84,0.0
"07290000",0.77,0.01
"07297910",0.14,0.39
"07299540",0.23,1.09
"07299670",0.21,0.0
"07300000",0.23,0.52
"07300500",-2.28,0.34
"07301110",-0.21,0.24
"07301420",-0.08,0.02
"07301500",0.57,0.19
"07303000",0.14,1.53
"07305000",0.14,0.55
"07307800",-0.1,0.1
"07311000",0.63,0.89
"07311500",0.78,0.1
"07311700",0.36,2.38
"07311800",-0.07,0.01
"07312100",0.14,3.63
"07312200",0.7,0.36
"07312500",0.38,2.26
"07312700",0.46,2.08
"07314500",0.24,4.14
"07314900",0.4,5.86
"07315200",0.42,0.03
"07315700",0.54,0.03
"07316500",0.07,0.66
"07324200",0.52,0.9
"07324400",0.41,3.69
"07325000",0.31,2.06
"07325800",0.59,0.2
"07326000",0.34,1.84
"07326500",0.52,1.02
"07328100",0.57,0.8
"07328500",0.65,0.62
"07329852",0.6,0.05
"07331000",0.66,0.51
"07332500",0.74,0.02
"07334000",0.82,0.19
"07335300",0.8,0.09
"07335700",0.45,0.0
"07335790",0.83,0.78
"07336200",0.88,0.49
"07337900",0.83,0.0
"07338500",0.77,0.04
"07339000",0.57,0.84
"07340000",0.83,0.31
"07340300",0.73,0.0
"07341200",0.71,0.1
"07342500",0.63,0.94
"07343000",0.74,0.01
"07343200",0.78,0.36
"07343500",0.66,0.06
"07346045",0.83,0.0
"07346070",0.84,0.06
"07348700",0.76,0.06
"07352000",0.79,0.02
"07356000",0.88,0.01
"07359610",0.75,0.0
"07361500",0.86,0.0
"07362100",0.69,0.0
"07362587",0.69,0.0
"07363500",0.77,0.06
"07364200",0.85,0.01
"07369680",0.51,0.14
"07373000",0.69,0.0
"07375000",0.64,0.01
"07375500",0.83,0.01
"07376000",0.51,0.0
"07377000",0.73,0.0
"07377500",0.74,0.01
"07378000",0.81,0.0
"07378500",0.89,0.0
"07385700",0.59,0.0
"08010000",0.68,0.0
"08012000",0.66,0.02
"08013500",0.77,0.0
"08014500",0.78,0.0
"08015500",0.8,0.01
"08017200",0.59,0.23
"08017300",0.71,0.0
"08017410",0.6,2.68
"08022040",0.71,0.94
"08023080",0.69,0.01
"08025360",0.59,1.38
"08025500",0.66,0.04
"08026000",0.63,1.35
"08028000",0.87,0.23
"08029500",0.58,0.0
"08030500",0.53,1.01
"08033500",0.78,0.31
"08041000",0.7,0.84
"08042800",0.62,0.06
"08044500",0.35,1.98
"08047000",0.42,1.15
"08047500",0.42,0.97
"08048000",0.26,1.92
"08048543",0.12,1.85
"08048970",0.68,0.01
"08049500",0.64,1.6
"08049700",0.59,0.0
"08050400",0.71,0.13
"08050800",0.54,0.01
"08051500",0.66,0.06
"08053500",0.55,0.11
"08055500",0.36,2.16
"08057000",0.5,1.9
"08057445",0.37,0.02
"08058900",0.75,0.09
"08061540",0.62,0.0
"08062000",0.6,1.73
"08062500",0.65,1.37
"08062700",0.72,1.21
"08063800",0.39,1.12
"08064100",0.73,0.3
"08065000",0.75,1.2
"08065800",0.72,0.01
"08066170",0.53,0.02
"08066200",0.7,0.0
"08066300",0.61,0.01
"08066500",0.64,1.09
"08068000",0.7,1.15
"08068500",0.76,0.03
"08068740",0.09,0.04
"08069000",0.73,0.03
"08070200",0.68,0.01
"08070500",0.44,0.03
"08072730",0.55,0.0
"08073600",0.55,0.01
"08075000",0.68,0.0
"08075730",0.52,0.0
"08075770",0.57,0.0
"08076000",0.54,0.0
"08078000",0.65,0.01
"08079600",0.14,0.05
"08080500",0.01,1.83
"08082000",0.04,0.96
"08082500",0.12,1.15
"08082700",0.37,0.09
"08083100",0.4,0.0
"08084000",0.47,2.0
"08084800",0.47,0.19
"08085500",0.49,1.24
"08086212",0.64,0.2
"08086290",0.73,2.38
"08091500",0.81,0.11
"08095000",0.69,0.09
"08100500",0.6,0.48
"08101000",0.56,0.0
"08102500",0.64,1.47
"08103800",0.56,0.03
"08103900",0.56,0.0
"08104500",0.7,1.28
"08104700",0.53,0.59
"08104900",0.34,0.0
"08105700",0.56,0.55
"08106500",0.62,0.84
"08109700",0.71,0.01
"08109800",0.77,0.4
"08110100",0.78,0.03
"08110325",0.7,0.11
"08110430",0.72,0.07
"08110500",0.77,0.8
"08115000",0.64,0.0
"08117500",0.75,0.0
"08121000",0.06,12.19
"08123800",0.1,4.77
"08123850",0.12,8.93
"08124000",-2.16,18.78
"08126380",-0.08,12.13
"08127000",0.41,0.4
"08134000",0.28,0.3
"08136000",-0.31,4.16
"08136500",0.18,4.15
"08143600",0.52,4.12
"08150800",0.27,0.0
"08151500",0.58,0.01
"08153500",0.68,0.01
"08154700",0.65,0.02
"08155200",0.62,0.01
"08155240",0.74,0.01
"08155300",0.77,0.0
"08156800",0.69,0.0
"08158600",0.64,0.0
"08158700",0.61,0.01
"08158810",0.61,0.0
"08159000",0.68,0.01
"08160800",0.34,0.02
"08162600",0.63,0.0
"08164000",0.74,0.0
"08164300",0.64,0.0
"08164503",0.77,0.0
"08164600",0.74,0.0
"08164800",0.63,0.0
"08165300",0.12,0.0
"08166200",0.28,0.02
"08167000",0.57,0.02
"08167500",0.85,0.02
"08167800",0.23,1.01
"08168500",0.24,0.92
"08169000",0.22,0.01
"08171000",0.61,0.01
"08171300",0.7,0.01
"08172000",0.71,0.02
"08172400",0.58,0.08
"08175000",0.71,0.01
"08175800",0.63,0.24
"08176500",0.59,0.43
"08176900",0.69,0.0
"08177500",0.54,0.4
"08178800",0.71,0.04
"08178880",0.43,0.06
"08181480",0.54,0.01
"08181500",0.76,1.19
"08181800",0.75,0.86
"08183500",0.57,0.87
"08186000",0.61,0.06
"08188500",0.49,0.59
"08189200",0.72,0.0
"08189500",0.66,0.0
"08189700",0.26,0.0
"08190000",0.44,0.01
"08190500",0.33,0.0
"08192000",0.27,0.0
"08194000",0.31,0.09
"08194200",0.12,0.16
"08195000",0.34,0.0
"08196000",0.21,0.01
"08197500",0.07,0.0
"08198500",0.45,0.01
"08200000",0.39,0.04
"08201500",0.6,0.0
"08202700",0.18,0.0
"08206600",0.45,0.02
"08210000",0.36,0.65
"08211000",0.32,0.81
"08211520",0.58,0.01
"08220000",0.9,0.22
"08245000",0.64,8.56
"08246500",0.91,1.3
"08247500",0.71,0.0
"08248000",0.89,0.04
"08249000",0.7,0.48
"08255500",0.61,0.33
"08265000",0.76,0.0
"08266820",0.79,1.28
"08267500",0.77,0.0
"08269000",0.79,0.0
"08271000",0.77,0.0
"08275500",0.57,0.0
"08276300",0.53,0.0
"08276500",0.69,0.21
"08279000",0.76,0.0
"08279500",0.64,0.18
"08284100",0.9,0.0
"08285500",0.35,4.95
"08286500",0.31,2.69
"08287000",0.34,2.58
"08289000",0.74,0.0
"08290000",0.59,1.81
"08291000",0.69,0.0
"08294210",0.21,0.28
"08313000",0.74,0.45
"08316000",0.34,7.85
"08317950",0.06,8.01
"08319000",0.65,0.45
"08324000",0.66,0.02
"08330000",0.64,0.45
"08334000",0.11,0.02
"08353000",0.38,0.46
"08377900",0.81,0.0
"08378500",0.78,0.0
"08379500",0.67,0.0
"08380500",0.68,0.0
"08382500",0.2,1.21
"08382650",0.45,0.3
"08382830",-0.01,0.29
"08383500",0.01,1.87
"08384500",0.03,2.17
"08386000",0.03,1.88
"08387000",-0.04,3.58
"08390500",-2.77,0.62
"08390800",-30.15,17.53
"08395500",0.05,2.4
"08396500",0.04,2.3
"08401900",0.0,0.0
"08405150",0.0,0.0
"08405500",0.03,0.0
"08408500",0.02,0.01
"08477110",0.78,0.26
"09010500",0.86,0.0
"09022000",0.89,0.0
"09024000",0.29,0.0
"09025000",0.19,0.0
"09026500",0.44,0.0
"09032000",0.58,0.0
"09032100",-0.04,0.0
"09034250",-0.16,2.38
"09034900",0.9,0.0
"09035500",0.62,0.0
"09035700",0.84,0.0
"09035800",0.56,0.0
"09035900",0.89,0.0
"09036000",0.9,0.0
"09037500",0.88,0.06
"09038500",0.36,1.41
"09046490",0.35,0.13
"09046600",0.78,0.05
"09047700",0.86,0.0
"09050100",0.91,0.1
"09050700",0.3,1.49
"09051050",0.87,0.0
"09057500",0.22,1.21
"09058000",0.38,1.27
"09059500",0.86,0.0
"09063000",0.92,0.18
"09063900",0.64,0.0
"09064000",0.56,2.63
"09064500",0.66,1.66
"09064600",0.92,0.6
"09065500",0.88,0.0
"09066000",0.89,0.08
"09066200",0.82,0.0
"09066300",0.86,0.0
"09067000",0.89,0.0
"09070000",0.84,0.5
"09070500",0.79,0.82
"09073300",0.37,0.01
"09073400",0.76,0.01
"09074000",0.75,0.0
"09080400",0.21,0.71
"09081600",0.8,0.0
"09085000",0.83,0.12
"09085100",0.8,0.56
"09095500",0.85,0.47
"09105000",0.73,0.35
"09107000",0.93,0.0
"09109000",0.75,0.63
"09110000",0.82,0.34
"09112500",0.89,0.0
"09114500",0.91,0.16
"09118450",0.56,0.06
"09119000",0.74,0.04
"09124500",0.88,0.0
"09126000",0.83,0.3
"09128000",0.53,0.46
"09132500",0.89,0.07
"09134000",0.64,0.08
"09144250",0.81,0.35
"09146200",0.84,1.87
"09147000",0.29,0.0
"09147025",0.62,1.05
"09147500",0.69,0.62
"09149500",0.5,0.26
"09152500",0.82,0.31
"09163500",0.87,0.37
"09166500",0.88,0.28
"09166950",0.39,0.62
"09169500",-0.19,1.34
"09171100",0.03,1.27
"09180000",0.29,0.55
"09183500",0.59,0.01
"09205000",0.82,0.18
"09209400",0.82,0.05
"09210500",0.84,0.0
"09211200",0.47,0.1
"09217000",0.49,0.12
"09223000",0.91,0.0
"09224700",0.48,0.13
"09234500",0.19,0.81
"09237450",0.39,0.19
"09237500",0.32,0.45
"09238900",0.87,0.63
"09239500",0.93,0.24
"09247600",0.93,0.11
"09251000",0.94,0.08
"09255000",0.85,0.0
"09260000",0.76,0.01
"09261700",0.83,0.46
"09266500",0.88,0.05
"09277500",0.61,0.0
"09279000",0.46,0.44
"09288180",0.07,9.81
"09289500",0.84,0.02
"09291000",0.65,0.69
"09292500",0.85,0.04
"09299500",0.81,0.14
"09302000",0.64,0.95
"09304200",0.88,0.03
"09304500",0.91,0.02
"09304800",0.87,0.02
"09306222",-1.63,0.0
"09306242",-1.49,0.0
"09306255",-0.73,0.0
"09306290",0.73,0.01
"09306500",0.72,0.03
"09310500",0.82,0.39
"09312600",0.79,0.0
"09326500",0.82,0.29
"09328500",0.55,1.61
"09330000",0.17,0.59
"09330230",0.29,0.39
"09330500",0.64,0.15
"09337500",0.51,0.83
"09342500",0.91,0.0
"09346400",0.8,0.01
"09349800",0.87,0.05
"09352900",0.83,0.0
"09354500",0.33,0.64
"09355000",0.5,0.01
"09355500",0.19,1.44
"09361500",0.88,0.06
"09363500",0.89,0.11
"09364500",0.86,0.1
"09365000",0.53,0.58
"09365500",0.74,0.03
"09366500",0.08,0.09
"09368000",0.59,0.57
"09371000",0.46,0.41
"09371010",0.6,0.55
"09372000",0.42,0.61
"09378170",0.57,0.0
"09378630",0.49,0.0
"09379200",0.23,2.08
"09382000",0.48,0.01
"09384000",0.43,0.64
"09386030",-0.04,0.57
"09386900",-0.72,0.22
"09386950",-0.41,0.88
"09390500",0.57,1.44
"09394500",0.27,0.91
"09401260",0.04,0.0
"09403600",0.57,0.0
"09404450",0.71,0.01
"09405500",0.66,0.21
"09406000",0.65,0.11
"09408000",0.2,0.0
"09408400",0.5,0.0
"09409100",0.58,0.97
"09409880",0.68,0.45
"09413000",0.83,0.5
"09413200",0.43,0.79
"09415000",0.48,0.76
"09416000",-15.27,1.44
"09419000",0.24,1.29
"09423350",0.31,0.0
"09424450",0.3,0.01
"09424900",0.61,0.0
"09426000",0.45,0.01
"09426620",0.45,0.01
"09430500",0.67,0.02
"09430600",0.16,0.0
"09431500",0.67,0.14
"09432000",0.76,0.12
"09442680",0.64,0.07
"09444000",0.55,0.01
"09444500",0.72,0.01
"09447000",0.53,0.02
"09447800",0.35,0.0
"09448500",0.66,0.12
"09466500",0.3,0.11
"09468500",0.53,0.85
"09469500",-2.75,1.15
"09480000",0.07,0.0
"09484000",0.13,0.11
"09484600",0.22,0.01
"09489500",0.81,0.17
"09490500",0.66,0.08
"09492400",0.47,0.0
"09494000",0.45,0.16
"09496500",0.65,0.01
"09497500",0.63,0.09
"09497980",0.85,0.0
"09498400",0.37,4.7
"09498500",0.76,0.21
"09499000",0.77,0.0
"09502000",-3.44,2.15
"09503700",0.64,0.05
"09504420",0.58,0.0
"09504500",0.58,0.0
"09505200",0.66,0.0
"09505350",0.55,0.0
"09505800",0.65,0.0
"09506000",0.72,0.02
"09508300",0.55,0.0
"09510000",0.7,0.34
"09510200",0.78,0.0
"09512280",0.39,0.0
"09512500",0.85,0.08
"09512800",0.86,0.04
"09513780",0.37,0.0
"09513860",0.18,0.0
"09535100",0.0,0.0
"09537200",0.28,0.0
"10011500",0.88,0.21
"10020100",0.81,0.26
"10020300",0.71,0.75
"10023000",-0.11,0.0
"10032000",0.81,0.0
"10068500",0.69,0.08
"10109000",0.75,0.0
"10109001",0.83,0.0
"10126000",0.67,0.09
"10128500",0.9,0.2
"10129500",0.4,0.66
"10130500",0.3,0.51
"10131000",0.71,0.02
"10132000",0.68,0.62
"10134500",0.61,0.75
"10136500",0.52,0.37
"10137500",0.79,0.11
"10140100",0.44,0.82
"10141000",0.52,0.42
"10146400",0.46,0.0
"10150500",0.5,0.0
"10154200",0.9,0.22
"10155000",0.75,0.16
"10163000",0.5,3.28
"10166430",0.51,0.0
"10171000",-0.39,1.45
"10172200",0.53,0.0
"10172700",0.71,0.0
"10172800",0.74,0.0
"10172952",0.74,0.0
"10174500",0.58,0.01
"10183500",0.77,0.26
"10189000",0.59,1.05
"10205030",0.61,0.06
"10215900",0.78,0.02
"10217000",0.58,0.37
"10219000",0.53,0.75
"10224000",0.53,0.69
"10234500",0.77,0.67
"10242000",0.64,0.0
"10244950",0.6,0.0
"10249280",0.28,0.09
"10249300",0.34,0.0
"10256500",0.48,0.0
"10257550",-0.03,0.0
"10257720",0.68,0.0
"10258000",0.65,0.0
"10258500",0.11,0.0
"10259000",0.64,0.0
"10259100",0.29,0.08
"10259200",0.47,0.0
"10260500",0.44,2.18
"10260950",0.46,6.62
"10261500",0.55,1.41
"10263500",0.37,0.0
"10265150",0.44,0.0
"10270800",0.15,2.84
"10270872",0.39,1.51
"10287300",0.08,1.61
"10287770",0.37,1.11
"10293000",0.64,0.26
"10296000",0.89,0.03
"10296500",0.88,0.02
"10297500",0.73,0.13
"10301500",0.51,0.06
"10308200",0.9,0.04
"10309000",0.86,0.03
"10310000",0.83,0.06
"10310400",0.59,0.03
"10310500",0.71,0.0
"10311000",0.78,0.11
"10311090",0.19,0.0
"10311100",0.48,0.0
"10311200",0.55,0.0
"10311300",0.5,0.0
"10312000",0.76,0.07
"10312150",0.41,0.36
"10312275",0.38,0.36
"10315500",0.74,0.01
"10316500",0.9,0.0
"10318500",0.68,0.07
"10319900",0.84,0.0
"10320000",0.85,0.57
"10321000",0.8,0.14
"10321950",0.65,0.0
"10322150",0.26,0.0
"10322500",0.8,0.19
"10324500",0.77,0.21
"10327500",0.81,0.36
"10329000",0.44,0.93
"10329500",0.69,0.0
"10333000",0.67,0.41
"10335000",0.64,0.62
"10336610",0.86,0.06
"10336645",0.82,0.0
"10336660",0.86,0.0
"10336676",0.81,0.0
"10336698",0.62,0.02
"10336700",0.73,0.0
"10336715",0.62,3.29
"10336730",0.66,0.0
"10336740",0.58,0.0
"10336780",0.64,0.0
"10337500",-1.08,1.31
"10338500",0.59,1.09
"10340500",0.31,0.89
"10343000",0.36,3.53
"10343500",0.81,0.0
"10344400",0.36,2.63
"10344500",0.01,2.53
"10346000",0.4,1.29
"10348000",0.36,1.18
"10348200",0.39,1.17
"10348460",0.64,0.1
"10348850",0.43,0.0
"10349300",-0.33,0.01
"10350000",0.4,0.95
"10351600",0.37,0.87
"10351700",0.43,0.82
"10352500",0.74,0.0
"10353800",0.26,0.16
"10396000",0.7,0.0
"11014000",0.46,0.0
"11015000",0.75,0.0
"11022200",0.53,0.02
"11022480",0.53,7.51
"11023000",0.79,6.58
"11023340",0.77,0.0
"11025500",0.85,3.19
"11028500",0.89,0.05
"11043000",0.83,67.97
"11044000",0.8,26.95
"11044250",0.43,0.0
"11044300",0.71,25.54
"11044350",0.81,0.0
"11046530",0.67,0.35
"11051500",-0.42,21.71
"11055500",0.77,0.0
"11055800",0.72,0.0
"11059300",0.75,12.4
"11060400",0.66,0.0
"11062000",0.57,0.0
"11062001",0.5,0.0
"11063510",0.38,0.0
"11063680",0.62,0.0
"11065000",0.36,0.0
"11066460",0.7,5.57
"11070500",0.72,10.24
"11072100",0.78,13.01
"11073360",0.41,0.0
"11073495",0.47,0.15
"11074000",0.4,5.86
"11075720",0.82,0.0
"11075800",0.61,0.0
"11085000",0.27,0.45
"11087020",0.51,0.4
"11088500",0.74,0.02
"11089500",0.75,0.12
"11097000",0.77,0.15
"11098000",0.74,0.0
"11101250",0.73,0.11
"11102300",0.46,0.08
"11109600",0.38,4.17
"11109800",0.2,5.49
"11118500",0.63,4.41
"11119500",0.66,0.01
"11119750",0.79,0.27
"11119940",0.81,0.0
"11120000",0.7,0.0
"11123000",0.85,0.56
"11123500",0.84,0.43
"11124500",0.42,0.0
"11132500",0.75,0.0
"11133000",0.77,1.82
"11136800",-0.67,0.0
"11140000",0.76,0.0
"11141280",0.64,0.0
"11143000",0.81,0.0
"11143200",0.69,0.07
"11143250",0.69,0.06
"11147500",0.66,0.2
"11148900",0.66,0.01
"11149400",0.14,3.22
"11149900",0.68,0.0
"11150500",0.64,1.16
"11151300",0.49,0.0
"11151700",0.47,0.75
"11152000",0.56,0.0
"11152300",0.49,0.64
"11152500",0.46,0.62
"11152600",0.55,0.0
"11156500",0.35,0.53
"11158600",0.29,0.29
"11159000",0.68,0.34
"11159200",0.76,0.0
"11160000",0.8,0.0
"11160500",0.76,0.1
"11161000",0.87,0.09
"11162500",0.75,0.0
"11162630",0.7,0.2
"11164500",0.77,0.18
"11176400",0.47,0.0
"11176500",0.13,2.93
"11176900",0.6,1.08
"11179000",0.52,2.03
"11180500",0.49,0.0
"11180700",0.27,2.0
"11180960",0.6,0.0
"11181008",0.75,0.18
"11182500",0.66,0.0
"11186000",0.76,0.0
"11200800",0.72,0.0
"11202000",0.48,0.0
"11214600",-1.06,3.34
"11216200",0.55,0.56
"11216400",-2.9,0.0
"11216500",0.11,0.53
"11218400",0.7,0.35
"11224500",0.07,0.0
"11230200",0.34,0.0
"11230500",0.62,0.0
"11231500",0.2,2.42
"11231600",0.31,2.42
"11234760",0.74,0.54
"11237000",0.15,0.0
"11237500",0.89,0.0
"11238500",0.2,1.21
"11239300",0.23,0.0
"11241500",0.09,7.86
"11242000",0.65,0.76
"11244000",0.23,1.55
"11246500",0.57,0.62
"11246700",0.66,0.73
"11251000",0.78,1.18
"11253310",0.37,0.0
"11264500",0.91,0.0
"11266500",0.94,0.0
"11270900",0.61,0.67
"11274000",0.66,0.94
"11274500",0.51,0.0
"11274630",0.14,0.0
"11276500",0.55,0.96
"11276900",0.66,0.9
"11277300",-0.01,2.81
"11278000",0.46,0.43
"11278400",0.63,1.55
"11284400",0.61,0.0
"11289650",0.58,2.12
"11290000",0.57,2.01
"11292000",0.79,0.56
"11292700",0.71,0.48
"11292900",0.67,0.44
"11293600",0.15,0.55
"11294000",0.17,6.78
"11294500",0.55,2.01
"11295270",0.03,2.02
"11296500",0.83,0.69
"11298000",0.69,0.62
"11299600",0.66,0.0
"11302000",0.34,5.36
"11303000",0.35,5.26
"11314500",0.66,0.69
"11315000",0.78,0.0
"11316800",0.76,0.0
"11317000",0.83,0.04
"11318500",0.82,0.02
"11319500",0.76,0.3
"11323500",0.67,0.53
"11335000",0.73,0.12
"11342000",0.83,0.03
"11345500",0.47,1.48
"11348500",0.67,0.9
"11355010",0.7,0.22
"11362500",0.58,0.18
"11363000",0.58,0.18
"11365000",0.75,0.21
"11367500",0.51,0.0
"11367800",0.37,0.09
"11370500",0.58,1.36
"11374000",0.85,0.0
"11376000",0.77,0.01
"11377100",0.75,0.87
"11379500",0.72,0.0
"11381500",0.85,0.0
"11383500",0.77,0.0
"11389500",0.86,0.56
"11390000",0.89,0.05
"11390500",0.58,0.5
"11395030",0.27,3.75
"11395200",0.54,2.59
"11396000",0.45,2.43
"11396200",0.53,1.96
"11399500",0.04,9.43
"11400500",0.31,0.0
"11401112",0.12,7.86
"11402000",0.89,0.0
"11403200",0.7,1.19
"11403800",0.05,1.28
"11404300",0.39,0.3
"11404330",0.62,1.26
"11404500",0.66,1.25
"11407000",0.56,2.14
"11408550",0.25,0.86
"11408880",0.58,0.24
"11409400",0.65,0.0
"11413000",0.86,0.0
"11413300",0.48,0.0
"11414100",0.39,1.12
"11414250",0.48,0.72
"11416500",0.32,2.07
"11417500",0.78,0.47
"11418500",0.81,0.4
"11421000",0.64,0.71
"11422500",0.67,0.23
"11424000",0.78,0.23
"11427000",0.83,0.03
"11427500",-0.04,1.73
"11427700",0.59,0.0
"11427750",0.8,0.0
"11427760",0.55,0.94
"11428800",0.11,1.15
"11429500",-4.57,5.59
"11430000",0.26,0.66
"11433300",0.75,0.5
"11435100",0.69,0.34
"11436000",0.7,0.34
"11439500",0.83,0.12
"11441002",0.27,1.45
"11441500",-0.01,0.73
"11441900",0.36,0.84
"11442700",0.09,0.1
"11443500",0.38,0.36
"11444500",0.76,0.3
"11446500",0.67,0.54
"11449500",0.84,0.0
"11451000",0.46,0.93
"11451100",0.79,0.0
"11452500",0.61,0.78
"11454000",-0.01,3.47
"11458000",0.8,0.25
"11459500",0.54,0.34
"11460400",0.6,1.52
"11460600",0.71,0.95
"11460750",0.79,0.4
"11461000",0.89,0.01
"11461500",0.84,0.0
"11462000",0.37,0.58
"11462500",0.88,0.17
"11463000",0.91,0.12
"11463170",0.74,0.0
"11464000",0.93,0.08
"11465000",0.58,1.51
"11465200",0.66,1.21
"11467000",0.93,0.2
"11468000",0.8,0.0
"11468500",0.87,0.0
"11469000",0.74,0.0
"11470500",0.68,0.21
"11471500",0.74,0.17
"11473900",0.74,0.0
"11475000",0.87,0.02
"11475560",0.8,0.0
"11476500",0.87,0.0
"11476600",0.7,0.0
"11477000",0.9,0.01
"11478500",0.83,0.0
"11480390",0.77,0.0
"11480410",0.73,0.18
"11481000",0.83,0.04
"11481200",0.75,0.0
"11482500",0.81,0.0
"11501000",0.77,0.02
"11502500",0.78,0.02
"11507500",0.39,0.65
"11509500",0.59,0.26
"11510700",0.53,0.26
"11516530",0.63,0.24
"11517500",0.58,0.39
"11519500",0.75,0.0
"11520500",0.74,0.21
"11522500",0.72,0.0
"11523000",0.79,0.13
"11523200",0.55,0.0
"11525500",0.03,3.54
"11527000",0.55,1.77
"11528700",0.77,0.0
"11530000",0.84,0.8
"11532500",0.9,0.0
"12010000",0.87,0.0
"12013500",0.88,0.0
"12020000",0.67,0.0
"12025000",0.91,0.0
"12025700",0.78,0.0
"12026150",0.61,0.23
"12026400",0.75,0.13
"12027500",0.91,0.03
"12031000",0.94,0.02
"12035000",0.92,0.0
"12035400",0.57,0.29
"12036000",0.82,0.16
"12039500",0.74,0.0
"12040500",0.86,0.0
"12041200",0.75,0.0
"12043000",0.81,0.0
"12045500",0.83,0.04
"12048000",0.81,0.0
"12054000",0.87,0.0
"12056500",0.81,0.0
"12059500",0.39,0.99
"12073500",0.81,0.0
"12082500",0.83,0.0
"12086500",0.59,0.33
"12089500",0.69,0.18
"12091200",0.75,0.0
"12092000",0.8,0.0
"12093500",0.76,0.0
"12095000",0.79,0.0
"12099600",0.84,0.0
"12101500",0.79,0.04
"12105900",0.65,0.05
"12106700",0.7,0.05
"12108500",0.79,0.0
"12112600",0.93,0.1
"12113000",0.77,0.07
"12114500",0.76,0.0
"12115000",0.82,0.0
"12115500",0.86,0.0
"12116500",0.52,0.42
"12117000",0.81,0.0
"12117500",0.67,0.28
"12119000",0.74,0.21
"12120000",0.74,0.0
"12120600",0.84,0.0
"12121600",0.92,0.0
"12134500",0.89,0.0
"12138160",0.34,0.33
"12143600",0.86,0.0
"12143700",0.47,0.0
"12143900",0.49,0.0
"12144000",0.87,0.0
"12144500",0.84,0.0
"12145500",0.92,0.0
"12147500",0.82,0.0
"12147600",0.8,0.0
"12148000",0.01,0.0
"12148300",0.46,0.01
"12148500",0.62,0.16
"12149000",0.85,0.02
"12150800",0.87,0.03
"12167000",0.77,0.0
"12175500",0.79,0.0
"12178100",0.8,0.0
"12186000",0.68,0.0
"12189500",0.85,0.0
"12205000",0.75,0.0
"12301300",0.61,0.01
"12302055",0.81,0.0
"12323240",0.7,0.05
"12323250",0.53,0.04
"12323770",0.27,0.48
"12323800",0.62,0.19
"12324200",0.21,0.14
"12324680",0.78,0.08
"12334510",0.82,0.04
"12334550",0.7,0.08
"12340000",0.92,0.01
"12340500",0.87,0.05
"12342500",0.86,0.17
"12344000",0.9,0.05
"12352500",0.9,0.05
"12353000",0.93,0.05
"12354500",0.94,0.04
"12358500",0.95,0.0
"12362500",-0.88,1.36
"12370000",0.77,0.0
"12372000",0.69,0.58
"12374250",0.46,0.0
"12375900",0.81,0.01
"12377150",0.85,0.0
"12381400",0.9,0.0
"12383500",0.78,0.0
"12388400",0.73,0.0
"12388700",0.68,0.52
"12389500",0.87,0.0
"12390700",0.92,0.0
"12395000",0.85,0.11
"12397100",0.57,0.5
"12409000",0.79,0.03
"12411000",0.8,0.0
"12413000",0.84,0.0
"12413470",0.86,0.05
"12413500",0.85,0.01
"12414500",0.91,0.0
"12414900",0.78,0.0
"12419000",0.87,0.05
"12422500",0.85,0.05
"12424000",0.77,0.0
"12431000",0.73,0.01
"12433000",0.86,0.06
"12433200",0.78,0.03
"12447390",0.79,0.0
"12448500",0.87,0.01
"12448998",0.84,0.0
"12449950",0.91,0.0
"12451000",0.9,0.0
"12452500",0.27,0.45
"12452800",0.89,0.0
"12457000",0.87,0.0
"12459000",0.83,0.0
"12462500",0.87,0.0
"12465000",-1.51,0.01
"12467000",-1.68,0.0
"12484500",0.66,0.22
"12488500",0.75,0.0
"12500450",0.58,0.13
"12502500",0.74,0.0
"13010065",0.9,0.0
"13011000",0.47,0.86
"13011500",0.86,0.0
"13018300",0.66,0.0
"13018750",0.77,0.26
"13022500",0.82,0.21
"13023000",0.84,0.0
"13027500",0.84,0.04
"13032500",0.76,0.38
"13037500",0.75,0.35
"13038500",-0.02,0.35
"13039500",0.32,0.6
"13042500",0.49,0.12
"13046000",0.6,0.06
"13047500",0.69,0.04
"13049500",0.85,0.03
"13050500",0.54,0.05
"13052200",0.54,0.0
"13055000",0.86,0.0
"13055340",0.67,0.0
"13056500",0.71,0.03
"13057155",0.43,0.23
"13057940",0.53,0.25
"13058000",0.04,0.66
"13060000",0.28,0.23
"13062500",0.03,0.22
"13066000",0.53,4.06
"13068501",-0.96,3.46
"13069500",0.05,0.26
"13073000",0.49,0.18
"13075000",0.37,0.01
"13075500",0.55,0.08
"13075983",-20.34,0.0
"13077000",0.77,0.41
"13078000",0.64,0.04
"13081500",0.56,0.4
"13082500",0.56,0.0
"13083000",0.47,0.0
"13105000",0.37,0.0
"13108150",-0.19,2.15
"13116500",0.15,0.0
"13118700",0.75,0.01
"13120000",0.84,0.0
"13120500",0.89,0.0
"13127000",0.83,0.77
"13132500",-0.88,0.39
"13132520",-2.5,0.35
"13132535",-1.4,0.31
"13141500",0.44,0.16
"13142500",0.46,0.51
"13147900",0.79,0.0
"13148500",0.7,0.17
"13150430",-0.03,0.0
"13152500",0.42,0.2
"13153500",0.15,0.21
"13159800",0.38,0.43
"13161500",0.83,0.01
"13168500",0.8,0.04
"13174500",0.38,1.57
"13181000",0.75,0.14
"13183000",0.62,0.39
"13185000",0.92,0.0
"13186000",0.9,0.0
"13190500",0.47,0.61
"13200000",0.84,0.0
"13202000",0.73,0.58
"13206000",-0.11,0.56
"13215000",0.63,1.01
"13217500",0.52,0.74
"13235000",0.91,0.0
"13236500",0.4,1.05
"13239000",0.73,0.32
"13240000",0.86,0.02
"13245000",0.59,1.13
"13246000",0.66,0.76
"13247500",0.86,0.33
"13249500",0.85,0.28
"13251000",0.75,0.24
"13258500",0.88,0.02
"13266000",0.85,0.14
"13292000",0.85,0.0
"13297330",0.84,0.0
"13297350",0.23,20.16
"13297355",0.67,1.8
"13302005",0.69,0.02
"13302500",0.79,0.06
"13305000",0.66,0.0
"13310700",0.89,0.0
"13313000",0.87,0.0
"13316500",0.94,0.03
"13317000",0.9,0.02
"13331500",0.89,0.0
"13333000",0.91,0.02
"13336500",0.94,0.0
"13337000",0.9,0.0
"13338500",0.8,0.0
"13339500",0.8,0.0
"13340000",0.91,0.0
"13340600",0.87,0.0
"13341050",0.81,0.31
"13342500",0.81,0.3
"13345000",0.83,0.0
"13346800",0.76,0.0
"13351000",0.79,0.01
"14013000",0.75,0.0
"14015000",0.64,0.13
"14018500",0.7,0.01
"14020000",0.85,0.0
"14033500",0.51,0.17
"14034470",0.7,0.0
"14034500",0.3,0.33
"14044000",0.89,0.0
"14046000",0.9,0.0
"14046500",0.88,0.01
"14076500",0.48,0.12
"14087400",0.31,0.1
"14091500",0.45,0.02
"14092500",0.35,0.16
"14092750",0.76,0.0
"14096850",0.7,0.0
"14097100",0.7,0.0
"14103000",0.65,0.14
"14113000",0.79,0.0
"14120000",0.83,0.01
"14123500",0.6,0.0
"14137000",0.85,0.0
"14138800",0.82,0.0
"14138850",0.84,0.05
"14138870",0.68,0.0
"14138900",0.85,0.0
"14139800",0.83,0.0
"14140000",0.78,0.14
"14140001",0.79,0.14
"14141500",0.81,0.0
"14142500",0.88,0.03
"14145500",0.48,0.39
"14148000",0.77,0.17
"14150000",0.48,0.36
"14151000",0.58,0.27
"14152000",0.66,0.31
"14153500",0.7,0.18
"14154500",0.9,0.0
"14155500",0.7,0.16
"14157500",0.86,0.1
"14158500",0.65,0.0
"14158790",0.76,0.0
"14158850",0.8,0.03
"14159500",0.43,0.37
"14161500",0.85,0.0
"14162200",0.52,0.35
"14162500",0.8,0.12
"14163150",0.79,0.11
"14163900",0.81,0.11
"14166000",0.88,0.17
"14166500",0.79,0.0
"14169000",0.78,0.21
"14170000",0.88,0.14
"14174000",0.89,0.14
"14178000",0.86,0.0
"14181500",0.6,0.09
"14182500",0.82,0.0
"14183000",0.78,0.06
"14185000",0.86,0.0
"14185900",0.89,0.0
"14187000",0.86,0.0
"14187200",0.77,0.11
"14189000",0.88,0.06
"14190500",0.79,0.0
"14191000",0.92,0.1
"14203500",0.86,0.29
"14207500",0.92,0.06
"14208700",0.21,0.41
"14209000",0.58,0.18
"14209500",0.88,0.05
"14210000",0.89,0.04
"14211500",0.89,0.0
"14211550",0.88,0.0
"14211720",0.91,0.07
"14216500",0.81,0.0
"14220500",0.71,0.49
"14222500",0.8,0.0
"14226500",0.82,0.0
"14233500",0.88,0.0
"14236200",0.86,0.0
"14238000",0.63,0.4
"14242580",0.88,0.01
"14301000",0.87,0.0
"14301500",0.91,0.0
"14303200",0.83,0.0
"14305500",0.91,0.0
"14306340",0.84,0.0
"14306500",0.9,0.0
"14308000",0.87,0.0
"14308990",0.82,0.0
"14309000",0.66,0.46
"14309500",0.81,0.0
"14310000",0.88,0.08
"14312000",0.92,0.03
"14313500",-0.06,0.03
"14314500",-0.37,0.0
"14316500",0.83,0.01
"14316700",0.89,0.0
"14319500",0.89,0.01
"14321000",0.91,0.01
"14325000",0.83,0.0
"14330000",0.87,0.0
"14332000",0.69,0.0
"14337500",0.71,0.02
"14339000",0.75,0.26
"14357500",0.74,0.37
"14359000",0.78,0.21
"14361500",0.83,0.2
"14362000",0.72,0.46
"14362250",0.72,0.0
"14366000",0.81,0.21
"14369500",0.87,0.15
"14372300",0.86,0.12
"14377100",0.89,0.0
"14400000",0.91,0.0
